TokenBody,ExampleToken,FieldKey,PlainEnglishMeaning,Confidence,ContextTags,Source,SourcePath,Notes,ExampleAbilityIds
DURA_HOURS,COM_0_DURA_HOURS,Duration,"Read component slot 0 (component id 3110), then read the selected component's Duration field and format it as hours",Confirmed,,abilitydesc.txt,C:\Users\Admin\Downloads\myps\data\strings\english\abilitydesc.txt,"Observed in 5 extracted string occurrence(s); component field Duration; component operation ids 22, 5; example ability ids 15059, 15060, 15061, 1527, 8492; example text: ""Increases Renown gained by {COM_0_VAL1}% for {COM_0_DURA_HOURS}."".",1527 8492 15059 15060 15061
DURA_MINUTES,COM_0_DURA_MINUTES,Duration,"Read component slot 0 (component id 585), then read the selected component's Duration field and format it as minutes",Confirmed,Damage Heal Stagger,abilitydesc.txt,C:\Users\Admin\Downloads\myps\data\strings\english\abilitydesc.txt,"Observed in 96 extracted string occurrence(s); component field Duration; component operation ids 13, 15, 2, 22, 26, 40, 5, 8; context tags Damage, Heal, Stagger; example ability ids 10802, 10803, 10804, 10805, 10806, 10807, 10808, 10809, 10887, 10888, 10889, 10890, 10891, 10892, 10893, 10894, 10895, 10896, 10954, 14508, 1524, 1529, 15616, 15617; example text: ""Increases your Strength by {COM_0_VAL0} for {COM_0_DURA_MINUTES}."".",1524 1529 7897 7898 7899 7900 7901 7902 7903 7904 7905 7906 7907 7908 7909 7910 7911 7912 7913 7914 7915 7916 7917 7918
DURA_SECONDS,COM_0_DURA_SECONDS,Duration,"Read component slot 0 (component id 3287), then read the selected component's Duration field and format it as seconds",Confirmed,CrowdControl Damage Disarm Heal Immunity Knockback Knockdown Root Silence Snare Stagger Stun,abilitydesc.txt,C:\Users\Admin\Downloads\myps\data\strings\english\abilitydesc.txt,"Observed in 1641 extracted string occurrence(s); component field Duration; component operation ids 1, 11, 12, 13, 15, 16, 17, 2, 20, 21, 22, 23, 25, 26, 3, 33, 34, 36, 38, 4, 5, 6, 8; context tags CrowdControl, Damage, Disarm, Heal, Immunity, Knockback, Knockdown, Root, Silence, Snare, Stagger, Stun; example ability ids 10001, 10002, 10003, 10004, 10005, 10006, 10007, 10008, 10009, 10010, 10011, 10013, 10014, 10015, 10016, 10017, 10018, 10019, 10020, 10021, 10022, 10023, 10025, 10026; example text: ""Deals {COM_0_VAL0_TOD} magical damage over {COM_0_DURA_SECONDS} to your target."".",2 3 6 7 8 9 17 21 22 28 43 44 45 46 54 55 57 58 59 240 241 245 361 365
FREQ_SECONDS,COM_0_FREQ_SECONDS,Interval,"Read component slot 0 (component id 1570), then read the selected component's Interval field and format it as seconds",Confirmed,Damage Heal Stun,abilitydesc.txt,C:\Users\Admin\Downloads\myps\data\strings\english\abilitydesc.txt,"Observed in 152 extracted string occurrence(s); component field Interval; component operation ids 1, 15, 26, 3, 36, 6; context tags Damage, Heal, Stun; example ability ids 1511, 1518, 1526, 1537, 1543, 1544, 1551, 1617, 1618, 1689, 18812, 24676, 24678, 27622, 27654, 27686, 27718, 27742, 27758, 27782, 27790, 28, 365, 370; example text: ""Opens the Turret's safety-release valves for up to {COM_0_DURA_SECONDS}, repeatedly dealing  {COM_1_VAL0_CORPOREALDAMAGE} every {COM_0_FREQ_SECONDS} to all targets within {COM_1_RADI_FEET}."".",28 58 365 370 425 447 651 1511 1518 1526 1537 1543 1544 1551 1617 1618 1689 7205 7206 7207 7208 7209 7210 7211
RADI_FEET,COM_1_RADI_FEET,Radius,"Read component slot 1 (component id 3289), then read the selected component's Radius field and format it as feet",Confirmed,Damage Disarm Heal Immunity Knockback Knockdown Root Silence Snare Stagger,abilitydesc.txt,C:\Users\Admin\Downloads\myps\data\strings\english\abilitydesc.txt,"Observed in 432 extracted string occurrence(s); component field Radius; component operation ids 1, 10, 11, 12, 13, 15, 16, 19, 2, 20, 21, 22, 23, 24, 28, 3, 36, 4, 46, 6, 8, 9; context tags Damage, Disarm, Heal, Immunity, Knockback, Knockdown, Root, Silence, Snare, Stagger; example ability ids 10404, 10778, 10780, 10837, 10838, 11, 12, 13255, 1361, 1366, 1367, 1370, 1372, 1378, 1380, 1381, 1383, 1386, 1387, 1425, 1435, 1441, 14416, 14527; example text: ""Deals {COM_0_VAL0_TOD} magical damage over {COM_0_DURA_SECONDS} to all targets within {COM_0_RADI_FEET}."".",5 11 12 25 27 28 42 43 56 57 59 60 61 241 364 368 371 389 390 424 427 428 440 441
VAL0,COM_1_VAL0,Value[0],"Read component slot 1 (component id 3286), then read the selected component's Value[0] field and insert the raw numeric result into client text",Confirmed,Damage Heal Knockback Knockdown Root Silence Snare Stagger,abilitydesc.txt,C:\Users\Admin\Downloads\myps\data\strings\english\abilitydesc.txt,"Observed in 1460 extracted string occurrence(s); component field Value[0]; component operation ids 1, 11, 13, 15, 16, 17, 18, 19, 2, 20, 21, 22, 23, 26, 3, 36, 4, 5, 6, 7, 8; context tags Damage, Heal, Knockback, Knockdown, Root, Silence, Snare, Stagger; example ability ids 10097, 10098, 10099, 10100, 10101, 10102, 10103, 10104, 10105, 10106, 10107, 10109, 10110, 10111, 10112, 10113, 10114, 10115, 10116, 10117, 10118, 10119, 10121, 10122; example text: ""Deals {COM_0_VAL0} magical damage to your target."".",2 17 21 44 45 46 54 240 241 245 429 442 500 503 521 523 542 543 544 547 550 563 569 585
VAL0_ACTIONPOINTS,COM_0_VAL0_ACTIONPOINTS,Value[0],"Read component slot 0 (component id 782), then read the selected component's Value[0] field and render it as action points in this text context",Confirmed,Damage Heal,abilitydesc.txt,C:\Users\Admin\Downloads\myps\data\strings\english\abilitydesc.txt,"Observed in 68 extracted string occurrence(s); component field Value[0]; component operation ids 1, 6; context tags Damage, Heal; example ability ids 10308, 10309, 10310, 10311, 10312, 10313, 10314, 10315, 10316, 10317, 10318, 10846, 10847, 10848, 10849, 10850, 10851, 10852, 10853, 10854, 10855, 13252, 1372, 1411; example text: ""A piercing howl that deals damage to all enemies that are very close and drains {COM_1_VAL0_ACTIONPOINTS} from each enemy hit."".",545 549 568 633 1372 1411 1728 7092 7093 7094 7095 7096 7097 7098 7099 7889 7890 7891 8030 8037 8126 8173 8175 8176
VAL0_COM_0_DURA_MINUTES,COM_0_VAL0_COM_0_DURA_MINUTES,Value[0],"Read component slot 0 (component id 17989), then read the selected component's Value[0] field and render it as the same presentation as `COM_0_DURA_MINUTES` (read component slot 0, then read the selected component's Duration field and format it as minutes) in this text context",Confirmed,Damage Immunity,abilitydesc.txt,C:\Users\Admin\Downloads\myps\data\strings\english\abilitydesc.txt,"Observed in 6 extracted string occurrence(s); component field Value[0]; component operation ids 23; context tags Damage, Immunity; example ability ids 18809, 7937, 7938, 7939, 7940, 7941; example text: ""Spikes cover your body for {COM_0_VAL0_COM_0_DURA_MINUTES}, dealing {COM_0_VAL0_COM_1_VAL0_DAMAGE} to anyone that hits you with a melee attack."".",7937 7938 7939 7940 7941 18809
VAL0_COM_0_DURA_SECONDS,COM_1_VAL0_COM_0_DURA_SECONDS,Value[0],"Read component slot 1 (component id 12269), then read the selected component's Value[0] field and render it as the same presentation as `COM_0_DURA_SECONDS` (read component slot 0, then read the selected component's Duration field and format it as seconds) in this text context",Confirmed,Damage Disarm Heal Silence Snare Stagger,abilitydesc.txt,C:\Users\Admin\Downloads\myps\data\strings\english\abilitydesc.txt,"Observed in 131 extracted string occurrence(s); component field Value[0]; component operation ids 23; context tags Damage, Disarm, Heal, Silence, Snare, Stagger; example ability ids 10388, 10856, 10857, 10858, 10859, 10860, 10861, 10862, 10863, 10864, 10865, 1356, 1357, 1364, 1395, 1409, 1431, 1432, 1438, 1463, 1479, 1485, 1524, 1541; example text: ""Deals {COM_0_VAL0_DAMAGE} to the target, and an additional {COM_1_VAL0_COM_0_VAL0_TOD_DAMAGE} over {COM_1_VAL0_COM_0_DURA_SECONDS}."".",49 245 526 568 589 758 760 779 1356 1357 1364 1395 1409 1431 1432 1438 1463 1479 1485 1524 1541 1666 1742 1744
VAL0_COM_0_RADI_FEET,COM_0_VAL0_COM_0_RADI_FEET,Value[0],"Read component slot 0 (component id 3788), then read the selected component's Value[0] field and render it as the same presentation as `COM_0_RADI_FEET` (read component slot 0, then read the selected component's Radius field and format it as feet) in this text context",Confirmed,Damage Heal,abilitydesc.txt,C:\Users\Admin\Downloads\myps\data\strings\english\abilitydesc.txt,"Observed in 9 extracted string occurrence(s); component field Value[0]; component operation ids 23; context tags Damage, Heal; example ability ids 1447, 1748, 1759, 1833, 27694, 27726, 8170, 8188, 9271; example text: ""Deals damage to targets within {COM_1_VAL0_COM_0_RADI_FEET} and returns 150% of it as health to your healing target."".",1447 1748 1759 1833 8170 8188 9271 27694 27726
VAL0_COM_0_VAL0,COM_1_VAL0_COM_0_VAL0,Value[0],"Read component slot 1 (component id 3053), then read the selected component's Value[0] field and render it as the same presentation as `COM_0_VAL0` (read component slot 0, then read the selected component's Value[0] field and insert the raw numeric result into client text) in this text context",Confirmed,Damage Heal Snare,abilitydesc.txt,C:\Users\Admin\Downloads\myps\data\strings\english\abilitydesc.txt,"Observed in 47 extracted string occurrence(s); component field Value[0]; component operation ids 23; context tags Damage, Heal, Snare; example ability ids 10856, 10857, 10858, 10859, 10860, 10861, 10862, 10863, 10864, 10865, 1356, 1357, 1361, 1364, 1392, 1395, 1409, 1432, 1479, 1666, 1744, 1774, 1785, 1915; example text: ""Any time you are hit, there is a 25% chance that your movement speed will be increased by {COM_1_VAL0_COM_0_VAL0}% for {COM_1_VAL0_COM_0_DURA_SECONDS}."".",758 760 776 1356 1357 1361 1364 1392 1395 1409 1432 1479 1666 1744 1774 1785 1915 8011 8043 8125 8185 8237 8250 8253
VAL0_COM_0_VAL0_ACTIONPOINTS,COM_1_VAL0_COM_0_VAL0_ACTIONPOINTS,Value[0],"Read component slot 1 (component id 3560), then read the selected component's Value[0] field and render it as the same presentation as `COM_0_VAL0_ACTIONPOINTS` (read component slot 0, then read the selected component's Value[0] field and render it as action points in this text context) in this text context",Confirmed,Damage,abilitydesc.txt,C:\Users\Admin\Downloads\myps\data\strings\english\abilitydesc.txt,"Observed in 3 extracted string occurrence(s); component field Value[0]; component operation ids 23; context tags Damage; example ability ids 1770, 1868, 8016; example text: ""You chop deeply into your enemy, dealing {COM_0_VAL0_DAMAGE}. Your love of battle fills you with energy, restoring {COM_1_VAL0_COM_0_VAL0_ACTIONPOINTS}.<BR><BR>If you are Furious, gains a 75% damage bonus instead of t..."".",1770 1868 8016
VAL0_COM_0_VAL0_COM_0_DURA_SECONDS,COM_0_VAL0_COM_0_VAL0_COM_0_DURA_SECONDS,Value[0],"Read component slot 0 (component id 3710), then read the selected component's Value[0] field and render it as the same presentation as `COM_0_VAL0_COM_0_DURA_SECONDS` (read component slot 0, then read the selected component's Value[0] field and render it as the same presentation as `COM_0_DURA_SECONDS` (read component slot 0, then read the selected component's Duration field and format it as seconds) in this text context) in this text context",Confirmed,Damage,abilitydesc.txt,C:\Users\Admin\Downloads\myps\data\strings\english\abilitydesc.txt,"Observed in 1 extracted string occurrence(s); component field Value[0]; component operation ids 23; context tags Damage; example ability ids 1436; example text: ""You swipe at the enemies in front of you, dealing {COM_0_VAL0_COM_0_VAL0_COM_0_VAL0_TOD_DAMAGE} over {COM_0_VAL0_COM_0_VAL0_COM_0_DURA_SECONDS} to enemies within {COM_0_VAL0_COM_0_VAL0_COM_0_RADI_FEET}."".",1436
VAL0_COM_0_VAL0_COM_0_RADI_FEET,COM_0_VAL0_COM_0_VAL0_COM_0_RADI_FEET,Value[0],"Read component slot 0 (component id 3710), then read the selected component's Value[0] field and render it as the same presentation as `COM_0_VAL0_COM_0_RADI_FEET` (read component slot 0, then read the selected component's Value[0] field and render it as the same presentation as `COM_0_RADI_FEET` (read component slot 0, then read the selected component's Radius field and format it as feet) in this text context) in this text context",Confirmed,Damage,abilitydesc.txt,C:\Users\Admin\Downloads\myps\data\strings\english\abilitydesc.txt,"Observed in 1 extracted string occurrence(s); component field Value[0]; component operation ids 23; context tags Damage; example ability ids 1436; example text: ""You swipe at the enemies in front of you, dealing {COM_0_VAL0_COM_0_VAL0_COM_0_VAL0_TOD_DAMAGE} over {COM_0_VAL0_COM_0_VAL0_COM_0_DURA_SECONDS} to enemies within {COM_0_VAL0_COM_0_VAL0_COM_0_RADI_FEET}."".",1436
VAL0_COM_0_VAL0_COM_0_VAL0_TOD_DAMAGE,COM_0_VAL0_COM_0_VAL0_COM_0_VAL0_TOD_DAMAGE,Value[0],"Read component slot 0 (component id 3710), then read the selected component's Value[0] field and render it as the same presentation as `COM_0_VAL0_COM_0_VAL0_TOD_DAMAGE` (read component slot 0, then read the selected component's Value[0] field and render it as the same presentation as `COM_0_VAL0_TOD_DAMAGE` (read component slot 0, then read the selected component's Value[0] field and render it as damage over time in this text context) in this text context) in this text context",Confirmed,Damage,abilitydesc.txt,C:\Users\Admin\Downloads\myps\data\strings\english\abilitydesc.txt,"Observed in 1 extracted string occurrence(s); component field Value[0]; component operation ids 23; context tags Damage; example ability ids 1436; example text: ""You swipe at the enemies in front of you, dealing {COM_0_VAL0_COM_0_VAL0_COM_0_VAL0_TOD_DAMAGE} over {COM_0_VAL0_COM_0_VAL0_COM_0_DURA_SECONDS} to enemies within {COM_0_VAL0_COM_0_VAL0_COM_0_RADI_FEET}."".",1436
VAL0_COM_0_VAL0_CORPOREALDAMAGE,COM_2_VAL0_COM_0_VAL0_CORPOREALDAMAGE,Value[0],"Read component slot 2 (component id 19207), then read the selected component's Value[0] field and render it as the same presentation as `COM_0_VAL0_CORPOREALDAMAGE` (read component slot 0, then read the selected component's Value[0] field and render it as corporeal damage in this text context) in this text context",Confirmed,Damage,abilitydesc.txt,C:\Users\Admin\Downloads\myps\data\strings\english\abilitydesc.txt,"Observed in 1 extracted string occurrence(s); component field Value[0]; component operation ids 23; context tags Damage; example ability ids 1543; example text: ""You deploy a shock rod at your feet which will remain for up to {COM_4_DURA_SECONDS} and periodically blast out with waves of power, dealing {COM_2_VAL0_COM_0_VAL0_CORPOREALDAMAGE} every {COM_0_FREQ_SECONDS} to all en..."".",1543
VAL0_COM_0_VAL0_DAMAGE,COM_1_VAL0_COM_0_VAL0_DAMAGE,Value[0],"Read component slot 1 (component id 3440), then read the selected component's Value[0] field and render it as the same presentation as `COM_0_VAL0_DAMAGE` (read component slot 0, then read the selected component's Value[0] field and render it as damage in this text context) in this text context",Confirmed,Damage Heal,abilitydesc.txt,C:\Users\Admin\Downloads\myps\data\strings\english\abilitydesc.txt,"Observed in 9 extracted string occurrence(s); component field Value[0]; component operation ids 23; context tags Damage, Heal; example ability ids 1359, 1382, 1435, 1447, 1747, 1771, 692, 8015, 8272; example text: ""Deals {COM_1_VAL0_COM_0_VAL0_DAMAGE} to all enemies within {COM_0_RADI_FEET}, and heals group members within 100 feet for the full amount of the damage dealt."".",692 1359 1382 1435 1447 1747 1771 8015 8272
VAL0_COM_0_VAL0_HEALTH,COM_2_VAL0_COM_0_VAL0_HEALTH,Value[0],"Read component slot 2 (component id 1388), then read the selected component's Value[0] field and render it as the same presentation as `COM_0_VAL0_HEALTH` (read component slot 0, then read the selected component's Value[0] field and render it as health in this text context) in this text context",Confirmed,Damage Heal,abilitydesc.txt,C:\Users\Admin\Downloads\myps\data\strings\english\abilitydesc.txt,"Observed in 2 extracted string occurrence(s); component field Value[0]; component operation ids 23; context tags Damage, Heal; example ability ids 1381, 1544; example text: ""A decisive final strike that deals {COM_0_VAL0_DAMAGE} to your enemy.  If the target dies immediately after being hit by this attack, then you will regain {COM_2_VAL0_COM_0_VAL0_HEALTH}, and your Oath Friend will be a..."".",1381 1544
VAL0_COM_0_VAL0_SPIRITDAMAGE,COM_1_VAL0_COM_0_VAL0_SPIRITDAMAGE,Value[0],"Read component slot 1 (component id 8951), then read the selected component's Value[0] field and render it as the same presentation as `COM_0_VAL0_SPIRITDAMAGE` (read component slot 0, then read the selected component's Value[0] field and render it as spirit damage in this text context) in this text context",Confirmed,Damage,abilitydesc.txt,C:\Users\Admin\Downloads\myps\data\strings\english\abilitydesc.txt,"Observed in 5 extracted string occurrence(s); component field Value[0]; component operation ids 23; context tags Damage; example ability ids 8084, 8089, 8327, 8338, 9271; example text: ""You load your pistol with bullets of purest silver, causing your Executions to deal an additional {COM_1_VAL0_COM_0_VAL0_SPIRITDAMAGE}.  The victim's Initiative will be reduced by {COM_1_VAL0_COM_1_VAL0} for {COM_1_VA..."".",8084 8089 8327 8338 9271
VAL0_COM_0_VAL0_TOD,COM_1_VAL0_COM_0_VAL0_TOD,Value[0],"Read component slot 1 (component id 1148), then read the selected component's Value[0] field and render it as the same presentation as `COM_0_VAL0_TOD` (read component slot 0, then read the selected component's Value[0] field and render it as an over-time amount in this text context) in this text context",Confirmed,Damage Heal,abilitydesc.txt,C:\Users\Admin\Downloads\myps\data\strings\english\abilitydesc.txt,"Observed in 6 extracted string occurrence(s); component field Value[0]; component operation ids 23; context tags Damage, Heal; example ability ids 1748, 1856, 526, 8238, 8295, 9548; example text: ""Any time you critically hit an enemy they will begin to bleed, suffering additional {COM_1_VAL0_COM_0_VAL0_TOD} Corporeal damage over {COM_1_VAL0_COM_0_DURA_SECONDS}."".",526 1748 1856 8238 8295 9548
VAL0_COM_0_VAL0_TOD_ACTIONPOINTS,COM_1_VAL0_COM_0_VAL0_TOD_ACTIONPOINTS,Value[0],"Read component slot 1 (component id 3173), then read the selected component's Value[0] field and render it as the same presentation as `COM_0_VAL0_TOD_ACTIONPOINTS` (read component slot 0, then read the selected component's Value[0] field and render it as action points over time in this text context) in this text context",Confirmed,Heal,abilitydesc.txt,C:\Users\Admin\Downloads\myps\data\strings\english\abilitydesc.txt,"Observed in 3 extracted string occurrence(s); component field Value[0]; component operation ids 23; context tags Heal; example ability ids 589, 8020, 8439; example text: ""Any time one of your direct healing effects critically heals an ally, you will regain {COM_1_VAL0_COM_0_VAL0_TOD_ACTIONPOINTS} over {COM_1_VAL0_COM_0_DURA_SECONDS}."".",589 8020 8439
VAL0_COM_0_VAL0_TOD_CORPOREALDAMAGE,COM_2_VAL0_COM_0_VAL0_TOD_CORPOREALDAMAGE,Value[0],"Read component slot 2 (component id 3223), then read the selected component's Value[0] field and render it as the same presentation as `COM_0_VAL0_TOD_CORPOREALDAMAGE` (read component slot 0, then read the selected component's Value[0] field and render it as corporeal damage over time in this text context) in this text context",Confirmed,Damage,abilitydesc.txt,C:\Users\Admin\Downloads\myps\data\strings\english\abilitydesc.txt,"Observed in 1 extracted string occurrence(s); component field Value[0]; component operation ids 23; context tags Damage; example ability ids 1541; example text: ""You blast your enemy with powerful and unstable phosphorous ammo, dealing {COM_1_VAL0_CORPOREALDAMAGE} to them. The victim and all enemies within {COM_1_RADI_FEET} of them will also suffer {COM_2_VAL0_COM_0_VAL0_TOD_C..."".",1541
VAL0_COM_0_VAL0_TOD_DAMAGE,COM_1_VAL0_COM_0_VAL0_TOD_DAMAGE,Value[0],"Read component slot 1 (component id 12269), then read the selected component's Value[0] field and render it as the same presentation as `COM_0_VAL0_TOD_DAMAGE` (read component slot 0, then read the selected component's Value[0] field and render it as damage over time in this text context) in this text context",Confirmed,Damage,abilitydesc.txt,C:\Users\Admin\Downloads\myps\data\strings\english\abilitydesc.txt,"Observed in 9 extracted string occurrence(s); component field Value[0]; component operation ids 23; context tags Damage; example ability ids 1431, 1742, 49, 8009, 8257, 9161, 9172, 9551, 9580; example text: ""Deals {COM_0_VAL0_DAMAGE} to the target, and an additional {COM_1_VAL0_COM_0_VAL0_TOD_DAMAGE} over {COM_1_VAL0_COM_0_DURA_SECONDS}."".",49 1431 1742 8009 8257 9161 9172 9551 9580
VAL0_COM_0_VAL0_TOD_ELEMENTALDAMAGE,COM_2_VAL0_COM_0_VAL0_TOD_ELEMENTALDAMAGE,Value[0],"Read component slot 2 (component id 1966), then read the selected component's Value[0] field and render it as the same presentation as `COM_0_VAL0_TOD_ELEMENTALDAMAGE` (read component slot 0, then read the selected component's Value[0] field and render it as elemental damage over time in this text context) in this text context",Confirmed,Damage,abilitydesc.txt,C:\Users\Admin\Downloads\myps\data\strings\english\abilitydesc.txt,"Observed in 3 extracted string occurrence(s); component field Value[0]; component operation ids 23; context tags Damage; example ability ids 1833, 8170, 8188; example text: ""An Ailment which deals {COM_0_VAL0_ELEMENTALDAMAGE} to your target and then explodes, dealing an additional {COM_2_VAL0_COM_0_VAL0_TOD_ELEMENTALDAMAGE} over {COM_2_VAL0_COM_0_DURA_SECONDS} to the target and all other..."".",1833 8170 8188
VAL0_COM_0_VAL0_TOD_HEALTH,COM_1_VAL0_COM_0_VAL0_TOD_HEALTH,Value[0],"Read component slot 1 (component id 1263), then read the selected component's Value[0] field and render it as the same presentation as `COM_0_VAL0_TOD_HEALTH` (read component slot 0, then read the selected component's Value[0] field and render it as health over time in this text context) in this text context",Confirmed,Heal,abilitydesc.txt,C:\Users\Admin\Downloads\myps\data\strings\english\abilitydesc.txt,"Observed in 6 extracted string occurrence(s); component field Value[0]; component operation ids 23; context tags Heal; example ability ids 1898, 1926, 8124, 8332, 8557, 9236; example text: ""Your target regains {COM_0_VAL0_HEALTH} immediately then continues to gain another {COM_1_VAL0_COM_0_VAL0_TOD_HEALTH} over {COM_1_VAL0_COM_0_DURA_SECONDS}."".",1898 1926 8124 8332 8557 9236
VAL0_COM_0_VAL0_TOD_SPIRITDAMAGE,COM_0_VAL0_COM_0_VAL0_TOD_SPIRITDAMAGE,Value[0],"Read component slot 0 (component id 11125), then read the selected component's Value[0] field and render it as the same presentation as `COM_0_VAL0_TOD_SPIRITDAMAGE` (read component slot 0, then read the selected component's Value[0] field and render it as spirit damage over time in this text context) in this text context",Confirmed,Damage Disarm Immunity Knockdown Silence Stun,abilitydesc.txt,C:\Users\Admin\Downloads\myps\data\strings\english\abilitydesc.txt,"Observed in 3 extracted string occurrence(s); component field Value[0]; component operation ids 23; context tags Damage, Disarm, Immunity, Knockdown, Silence, Stun; example ability ids 9028, 9264, 9584; example text: ""You launch two powerful blows dealing a total of {COM_0_VAL0_COM_0_VAL0_TOD_SPIRITDAMAGE} and knocking your opponent down for {COM_1_DURA_SECONDS}. Your group members within 100 feet become Unstoppable for {ABIL_414_C..."".",9028 9264 9584
VAL0_COM_0_VAL1,COM_1_VAL0_COM_0_VAL1,Value[0],"Read component slot 1 (component id 3763), then read the selected component's Value[0] field and render it as the same presentation as `COM_0_VAL1` (read component slot 0, then read the selected component's Value[1] field and insert the raw numeric result into client text) in this text context",Confirmed,Damage Heal,abilitydesc.txt,C:\Users\Admin\Downloads\myps\data\strings\english\abilitydesc.txt,"Observed in 22 extracted string occurrence(s); component field Value[0]; component operation ids 23; context tags Damage, Heal; example ability ids 1438, 1750, 1789, 8044, 8057, 8091, 8096, 8098, 8120, 8276, 8280, 8347, 8432, 9117, 9128, 9166, 9175, 9293, 9401, 9411, 9588, 9589; example text: ""You deal an exhaustive blow that does {COM_0_VAL0_DAMAGE} and reduces your target's chance to critically hit by {COM_1_VAL0_COM_0_VAL1}% for {COM_1_VAL0_COM_0_DURA_SECONDS}.<BR><BR>If you are Furious, gains a 75% dama..."".",1438 1750 1789 8044 8057 8091 8096 8098 8120 8276 8280 8347 8432 9117 9128 9166 9175 9293 9401 9411 9588 9589
VAL0_COM_0_VAL1_DAMAGE,COM_1_VAL0_COM_0_VAL1_DAMAGE,Value[0],"Read component slot 1 (component id 1192), then read the selected component's Value[0] field and render it as the same presentation as `COM_0_VAL1_DAMAGE` (read component slot 0, then read the selected component's Value[1] field and render it as damage in this text context) in this text context",Confirmed,Damage Heal,abilitydesc.txt,C:\Users\Admin\Downloads\myps\data\strings\english\abilitydesc.txt,"Observed in 5 extracted string occurrence(s); component field Value[0]; component operation ids 23; context tags Damage, Heal; example ability ids 1932, 779, 8288, 9439, 9595; example text: ""Any time you are attacked, there is a 25% chance that you will become protected by a magical barrier for up to {COM_1_VAL0_COM_0_DURA_SECONDS}, which will absorb up to {COM_1_VAL0_COM_0_VAL1_DAMAGE}.<BR>This effect wi..."".",779 1932 8288 9439 9595
VAL0_COM_1_DURA_SECONDS,COM_1_VAL0_COM_1_DURA_SECONDS,Value[0],"Read component slot 1 (component id 3706), then read the selected component's Value[0] field and render it as the same presentation as `COM_1_DURA_SECONDS` (read component slot 1, then read the selected component's Duration field and format it as seconds) in this text context",Confirmed,Damage Heal,abilitydesc.txt,C:\Users\Admin\Downloads\myps\data\strings\english\abilitydesc.txt,"Observed in 11 extracted string occurrence(s); component field Value[0]; component operation ids 23; context tags Damage, Heal; example ability ids 1433, 15524, 1745, 1769, 8007, 8044, 8083, 8084, 8099, 8395, 9403; example text: ""You slash at your opponent's throat, immediately inflicting {COM_0_VAL0_DAMAGE}. The wound continues to bleed for {COM_1_VAL0_COM_1_VAL0_TOD_DAMAGE} for the next {COM_1_VAL0_COM_1_DURA_SECONDS}. This effect can be sta..."".",1433 1745 1769 8007 8044 8083 8084 8099 8395 9403 15524
VAL0_COM_1_RADI_FEET,COM_1_VAL0_COM_1_RADI_FEET,Value[0],"Read component slot 1 (component id 1224), then read the selected component's Value[0] field and render it as the same presentation as `COM_1_RADI_FEET` (read component slot 1, then read the selected component's Radius field and format it as feet) in this text context",Confirmed,Damage,abilitydesc.txt,C:\Users\Admin\Downloads\myps\data\strings\english\abilitydesc.txt,"Observed in 3 extracted string occurrence(s); component field Value[0]; component operation ids 23; context tags Damage; example ability ids 1356, 1357, 1465; example text: ""You deal {COM_0_VAL0_DAMAGE} to your target and prepare yourself for their attacks, increasing your armor by {COM_1_VAL0_COM_0_VAL0} for {COM_1_VAL0_COM_0_DURA_SECONDS}.<BR>Your Oath Friend's armor will also be increa..."".",1356 1357 1465
VAL0_COM_1_VAL0,COM_1_VAL0_COM_1_VAL0,Value[0],"Read component slot 1 (component id 1244), then read the selected component's Value[0] field and render it as the same presentation as `COM_1_VAL0` (read component slot 1, then read the selected component's Value[0] field and insert the raw numeric result into client text) in this text context",Confirmed,Damage,abilitydesc.txt,C:\Users\Admin\Downloads\myps\data\strings\english\abilitydesc.txt,"Observed in 11 extracted string occurrence(s); component field Value[0]; component operation ids 23; context tags Damage; example ability ids 1364, 1433, 1458, 1745, 1769, 8084, 8257, 9324, 9551; example text: ""A brutal attack that deals {COM_0_VAL0_DAMAGE} to your target and inspires you to push the attack, increasing your Strength by {COM_1_VAL0_COM_0_VAL0} for {COM_1_VAL0_COM_0_DURA_SECONDS}. Will also affect your Oath Fr..."".",1364 1433 1458 1745 1769 8084 8257 9324 9551
VAL0_COM_1_VAL0_ACTIONPOINTS,COM_1_VAL0_COM_1_VAL0_ACTIONPOINTS,Value[0],"Read component slot 1 (component id 8959), then read the selected component's Value[0] field and render it as the same presentation as `COM_1_VAL0_ACTIONPOINTS` (read component slot 1, then read the selected component's Value[0] field and render it as action points in this text context) in this text context",Confirmed,Damage,abilitydesc.txt,C:\Users\Admin\Downloads\myps\data\strings\english\abilitydesc.txt,"Observed in 1 extracted string occurrence(s); component field Value[0]; component operation ids 23; context tags Damage; example ability ids 8089; example text: ""You load your pistol with bullets designed to fragment on impact, causing your Executions to deal an additional {COM_1_VAL0_COM_0_VAL0_SPIRITDAMAGE} to the target.  The victim will lose {COM_1_VAL0_COM_1_VAL0_ACTIONPO..."".",8089
VAL0_COM_1_VAL0_DAMAGE,COM_2_VAL0_COM_1_VAL0_DAMAGE,Value[0],"Read component slot 2 (component id 1397), then read the selected component's Value[0] field and render it as the same presentation as `COM_1_VAL0_DAMAGE` (read component slot 1, then read the selected component's Value[0] field and render it as damage in this text context) in this text context",Confirmed,Damage,abilitydesc.txt,C:\Users\Admin\Downloads\myps\data\strings\english\abilitydesc.txt,"Observed in 9 extracted string occurrence(s); component field Value[0]; component operation ids 23; context tags Damage; example ability ids 1382, 1465, 1759, 7937, 7938, 7939, 7940, 7941, 9174; example text: ""Spikes cover your body for {COM_0_VAL0_COM_0_DURA_MINUTES}, dealing {COM_0_VAL0_COM_1_VAL0_DAMAGE} to anyone that hits you with a melee attack."".",1382 1465 1759 7937 7938 7939 7940 7941 9174
VAL0_COM_1_VAL0_ELEMENTALDAMAGE,COM_1_VAL0_COM_1_VAL0_ELEMENTALDAMAGE,Value[0],"Read component slot 1 (component id 18663), then read the selected component's Value[0] field and render it as the same presentation as `COM_1_VAL0_ELEMENTALDAMAGE` (read component slot 1, then read the selected component's Value[0] field and render it as elemental damage in this text context) in this text context",Confirmed,Damage,abilitydesc.txt,C:\Users\Admin\Downloads\myps\data\strings\english\abilitydesc.txt,"Observed in 1 extracted string occurrence(s); component field Value[0]; component operation ids 23; context tags Damage; example ability ids 8035; example text: ""Your Shining Blade slices into your opponent for {COM_0_VAL0_DAMAGE}.  For the next {COM_1_VAL0_COM_0_DURA_SECONDS}, Shining Blade will cause an additional {COM_1_VAL0_COM_1_VAL0_ELEMENTALDAMAGE} on the next damaging..."".",8035
VAL0_COM_1_VAL0_SPIRITDAMAGE,COM_1_VAL0_COM_1_VAL0_SPIRITDAMAGE,Value[0],"Read component slot 1 (component id 9037), then read the selected component's Value[0] field and render it as the same presentation as `COM_1_VAL0_SPIRITDAMAGE` (read component slot 1, then read the selected component's Value[0] field and render it as spirit damage in this text context) in this text context",Confirmed,Damage,abilitydesc.txt,C:\Users\Admin\Downloads\myps\data\strings\english\abilitydesc.txt,"Observed in 1 extracted string occurrence(s); component field Value[0]; component operation ids 23; context tags Damage; example ability ids 8317; example text: ""Stabs into opponent for {COM_0_VAL0_DAMAGE}.  For the next {COM_1_VAL0_COM_0_DURA_SECONDS}, Tooth Of Tzeentch will cause an additional {COM_1_VAL0_COM_1_VAL0_SPIRITDAMAGE} on the next damaging attack made by everyone..."".",8317
VAL0_COM_1_VAL0_TOD,COM_1_VAL0_COM_1_VAL0_TOD,Value[0],"Read component slot 1 (component id 9831), then read the selected component's Value[0] field and render it as the same presentation as `COM_1_VAL0_TOD` (read component slot 1, then read the selected component's Value[0] field and render it as an over-time amount in this text context) in this text context",Confirmed,Damage,abilitydesc.txt,C:\Users\Admin\Downloads\myps\data\strings\english\abilitydesc.txt,"Observed in 1 extracted string occurrence(s); component field Value[0]; component operation ids 23; context tags Damage; example ability ids 8007; example text: ""The force of the sun fills your blade, dealing {COM_0_VAL0_DAMAGE} to the enemy and the victim will also suffer {COM_1_VAL0_COM_1_VAL0_TOD} over the next {COM_1_VAL0_COM_1_DURA_SECONDS}. This effect is stackable up to..."".",8007
VAL0_COM_1_VAL0_TOD_DAMAGE,COM_1_VAL0_COM_1_VAL0_TOD_DAMAGE,Value[0],"Read component slot 1 (component id 9650), then read the selected component's Value[0] field and render it as the same presentation as `COM_1_VAL0_TOD_DAMAGE` (read component slot 1, then read the selected component's Value[0] field and render it as damage over time in this text context) in this text context",Confirmed,Damage,abilitydesc.txt,C:\Users\Admin\Downloads\myps\data\strings\english\abilitydesc.txt,"Observed in 5 extracted string occurrence(s); component field Value[0]; component operation ids 23; context tags Damage; example ability ids 15524, 8044, 8083, 8395, 9403; example text: ""You slash at your opponent's throat, immediately inflicting {COM_0_VAL0_DAMAGE}. The wound continues to bleed for {COM_1_VAL0_COM_1_VAL0_TOD_DAMAGE} for the next {COM_1_VAL0_COM_1_DURA_SECONDS}. This effect can be sta..."".",8044 8083 8395 9403 15524
VAL0_COM_1_VAL0_TOD_HEALTH,COM_4_VAL0_COM_1_VAL0_TOD_HEALTH,Value[0],"Read component slot 4 (component id 9806), then read the selected component's Value[0] field and render it as the same presentation as `COM_1_VAL0_TOD_HEALTH` (read component slot 1, then read the selected component's Value[0] field and render it as health over time in this text context) in this text context",Confirmed,Heal,abilitydesc.txt,C:\Users\Admin\Downloads\myps\data\strings\english\abilitydesc.txt,"Observed in 1 extracted string occurrence(s); component field Value[0]; component operation ids 23; context tags Heal; example ability ids 8020; example text: ""You order your group to prepare for combat, causing all of your groupmates within {COM_3_RADI_FEET} to regain {COM_4_VAL0_COM_0_VAL0_TOD_ACTIONPOINTS} and {COM_4_VAL0_COM_1_VAL0_TOD_HEALTH} over {COM_4_VAL0_COM_0_DURA..."".",8020
VAL0_COM_1_VAL1,COM_1_VAL0_COM_1_VAL1,Value[0],"Read component slot 1 (component id 8974), then read the selected component's Value[0] field and render it as the same presentation as `COM_1_VAL1` (read component slot 1, then read the selected component's Value[1] field and insert the raw numeric result into client text) in this text context",Confirmed,Damage Heal,abilitydesc.txt,C:\Users\Admin\Downloads\myps\data\strings\english\abilitydesc.txt,"Observed in 4 extracted string occurrence(s); component field Value[0]; component operation ids 23; context tags Damage, Heal; example ability ids 8099, 8267, 8432, 9117; example text: ""You load your pistol with bullets doused in holy water, causing your Executions to deal an additional {ABIL_3002_COM_0_VAL0_SPIRITDAMAGE}.  Any healing abilities that the victim uses over the next {COM_1_VAL0_COM_1_DU..."".",8099 8267 8432 9117
VAL0_COM_2_VAL0,COM_1_VAL0_COM_2_VAL0,Value[0],"Read component slot 1 (component id 1244), then read the selected component's Value[0] field and render it as the same presentation as `COM_2_VAL0` (read component slot 2, then read the selected component's Value[0] field and insert the raw numeric result into client text) in this text context",Confirmed,Damage,abilitydesc.txt,C:\Users\Admin\Downloads\myps\data\strings\english\abilitydesc.txt,"Observed in 2 extracted string occurrence(s); component field Value[0]; component operation ids 23; context tags Damage; example ability ids 1364, 9324; example text: ""A brutal attack that deals {COM_0_VAL0_DAMAGE} to your target and inspires you to push the attack, increasing your Strength by {COM_1_VAL0_COM_0_VAL0} for {COM_1_VAL0_COM_0_DURA_SECONDS}. Will also affect your Oath Fr..."".",1364 9324
VAL0_COM_2_VAL0_ACTIONPOINTS,COM_1_VAL0_COM_2_VAL0_ACTIONPOINTS,Value[0],"Read component slot 1 (component id 8959), then read the selected component's Value[0] field and render it as the same presentation as `COM_2_VAL0_ACTIONPOINTS` (read component slot 2, then read the selected component's Value[0] field and render it as action points in this text context) in this text context",Confirmed,Damage,abilitydesc.txt,C:\Users\Admin\Downloads\myps\data\strings\english\abilitydesc.txt,"Observed in 1 extracted string occurrence(s); component field Value[0]; component operation ids 23; context tags Damage; example ability ids 8089; example text: ""You load your pistol with bullets designed to fragment on impact, causing your Executions to deal an additional {COM_1_VAL0_COM_0_VAL0_SPIRITDAMAGE} to the target.  The victim will lose {COM_1_VAL0_COM_1_VAL0_ACTIONPO..."".",8089
VAL0_COM_2_VAL0_COM_0_VAL0,COM_1_VAL0_COM_2_VAL0_COM_0_VAL0,Value[0],"Read component slot 1 (component id 8951), then read the selected component's Value[0] field and render it as the same presentation as `COM_2_VAL0_COM_0_VAL0` (read component slot 2, then read the selected component's Value[0] field and render it as the same presentation as `COM_0_VAL0` (read component slot 0, then read the selected component's Value[0] field and insert the raw numeric result into client text) in this text context) in this text context",Confirmed,Damage,abilitydesc.txt,C:\Users\Admin\Downloads\myps\data\strings\english\abilitydesc.txt,"Observed in 1 extracted string occurrence(s); component field Value[0]; component operation ids 23; context tags Damage; example ability ids 8084; example text: ""You load your pistol with bullets of purest silver, causing your Executions to deal an additional {COM_1_VAL0_COM_0_VAL0_SPIRITDAMAGE}.  The victim's Initiative will be reduced by {COM_1_VAL0_COM_1_VAL0} for {COM_1_VA..."".",8084
VAL0_COM_2_VAL0_COM_0_VAL0_COM_0_VAL0,COM_1_VAL0_COM_2_VAL0_COM_0_VAL0_COM_0_VAL0,Value[0],"Read component slot 1 (component id 1215), then read the selected component's Value[0] field and render it as the same presentation as `COM_2_VAL0_COM_0_VAL0_COM_0_VAL0` (read component slot 2, then read the selected component's Value[0] field and render it as the same presentation as `COM_0_VAL0_COM_0_VAL0` (read component slot 0, then read the selected component's Value[0] field and render it as the same presentation as `COM_0_VAL0` (read component slot 0, then read the selected component's Value[0] field and insert the raw numeric result into client text) in this text context) in this text context) in this text context",Confirmed,,abilitydesc.txt,C:\Users\Admin\Downloads\myps\data\strings\english\abilitydesc.txt,"Observed in 1 extracted string occurrence(s); component field Value[0]; component operation ids 23; example ability ids 1353; example text: ""You select a single ally to be your sworn Oath Friend. Each time they are attacked, you will gain Grudges based on your current Grudge level, and some of your abilities will affect them as well.<BR>You are at 0-29 Gru..."".",1353
VAL0_COM_2_VAL0_COM_1_VAL0_COM_0_VAL0,COM_1_VAL0_COM_2_VAL0_COM_1_VAL0_COM_0_VAL0,Value[0],"Read component slot 1 (component id 1215), then read the selected component's Value[0] field and render it as the same presentation as `COM_2_VAL0_COM_1_VAL0_COM_0_VAL0` (read component slot 2, then read the selected component's Value[0] field and render it as the same presentation as `COM_1_VAL0_COM_0_VAL0` (read component slot 1, then read the selected component's Value[0] field and render it as the same presentation as `COM_0_VAL0` (read component slot 0, then read the selected component's Value[0] field and insert the raw numeric result into client text) in this text context) in this text context) in this text context",Confirmed,,abilitydesc.txt,C:\Users\Admin\Downloads\myps\data\strings\english\abilitydesc.txt,"Observed in 1 extracted string occurrence(s); component field Value[0]; component operation ids 23; example ability ids 1353; example text: ""You select a single ally to be your sworn Oath Friend. Each time they are attacked, you will gain Grudges based on your current Grudge level, and some of your abilities will affect them as well.<BR>You are at 0-29 Gru..."".",1353
VAL0_COM_2_VAL0_COM_2_VAL0_COM_0_VAL0,COM_1_VAL0_COM_2_VAL0_COM_2_VAL0_COM_0_VAL0,Value[0],"Read component slot 1 (component id 1215), then read the selected component's Value[0] field and render it as the same presentation as `COM_2_VAL0_COM_2_VAL0_COM_0_VAL0` (read component slot 2, then read the selected component's Value[0] field and render it as the same presentation as `COM_2_VAL0_COM_0_VAL0` (read component slot 2, then read the selected component's Value[0] field and render it as the same presentation as `COM_0_VAL0` (read component slot 0, then read the selected component's Value[0] field and insert the raw numeric result into client text) in this text context) in this text context) in this text context",Confirmed,,abilitydesc.txt,C:\Users\Admin\Downloads\myps\data\strings\english\abilitydesc.txt,"Observed in 1 extracted string occurrence(s); component field Value[0]; component operation ids 23; example ability ids 1353; example text: ""You select a single ally to be your sworn Oath Friend. Each time they are attacked, you will gain Grudges based on your current Grudge level, and some of your abilities will affect them as well.<BR>You are at 0-29 Gru..."".",1353
VAL0_COM_2_VAL0_DAMAGE,COM_2_VAL0_COM_2_VAL0_DAMAGE,Value[0],"Read component slot 2 (component id 1397), then read the selected component's Value[0] field and render it as the same presentation as `COM_2_VAL0_DAMAGE` (read component slot 2, then read the selected component's Value[0] field and render it as damage in this text context) in this text context",Confirmed,Damage,abilitydesc.txt,C:\Users\Admin\Downloads\myps\data\strings\english\abilitydesc.txt,"Observed in 3 extracted string occurrence(s); component field Value[0]; component operation ids 23; context tags Damage; example ability ids 1382, 1435, 1747; example text: ""You declare that this is where you're making your stand, and nothing will make you change your mind. You are almost guaranteed to block up to the next 4 attacks made against you within {COM_0_DURA_SECONDS}, and you wi..."".",1382 1435 1747
VAL0_COM_2_VAL0_HEALTH,COM_2_VAL0_COM_2_VAL0_HEALTH,Value[0],"Read component slot 2 (component id 8791), then read the selected component's Value[0] field and render it as the same presentation as `COM_2_VAL0_HEALTH` (read component slot 2, then read the selected component's Value[0] field and render it as health in this text context) in this text context",Confirmed,Damage Heal,abilitydesc.txt,C:\Users\Admin\Downloads\myps\data\strings\english\abilitydesc.txt,"Observed in 1 extracted string occurrence(s); component field Value[0]; component operation ids 23; context tags Damage, Heal; example ability ids 8267; example text: ""You smash your weapon into your enemy, dealing {COM_0_VAL0_DAMAGE} to them.  Your defensive target becomes Blessed for up to {COM_2_VAL0_COM_0_DURA_SECONDS}, and will regain {COM_2_VAL0_COM_2_VAL0_HEALTH} each time th..."".",8267
VAL0_COM_3_RADI_FEET,COM_1_VAL0_COM_3_RADI_FEET,Value[0],"Read component slot 1 (component id 1244), then read the selected component's Value[0] field and render it as the same presentation as `COM_3_RADI_FEET` (read component slot 3, then read the selected component's Radius field and format it as feet) in this text context",Confirmed,Damage,abilitydesc.txt,C:\Users\Admin\Downloads\myps\data\strings\english\abilitydesc.txt,"Observed in 1 extracted string occurrence(s); component field Value[0]; component operation ids 23; context tags Damage; example ability ids 1364; example text: ""A brutal attack that deals {COM_0_VAL0_DAMAGE} to your target and inspires you to push the attack, increasing your Strength by {COM_1_VAL0_COM_0_VAL0} for {COM_1_VAL0_COM_0_DURA_SECONDS}. Will also affect your Oath Fr..."".",1364
VAL0_COM_3_VAL0,COM_1_VAL0_COM_3_VAL0,Value[0],"Read component slot 1 (component id 1244), then read the selected component's Value[0] field and render it as the same presentation as `COM_3_VAL0` (read component slot 3, then read the selected component's Value[0] field and insert the raw numeric result into client text) in this text context",Confirmed,Damage Snare,abilitydesc.txt,C:\Users\Admin\Downloads\myps\data\strings\english\abilitydesc.txt,"Observed in 3 extracted string occurrence(s); component field Value[0]; component operation ids 23; context tags Damage, Snare; example ability ids 1364, 1774, 9324; example text: ""A brutal attack that deals {COM_0_VAL0_DAMAGE} to your target and inspires you to push the attack, increasing your Strength by {COM_1_VAL0_COM_0_VAL0} for {COM_1_VAL0_COM_0_DURA_SECONDS}. Will also affect your Oath Fr..."".",1364 1774 9324
VAL0_COM_3_VAL0_DAMAGE,COM_2_VAL0_COM_3_VAL0_DAMAGE,Value[0],"Read component slot 2 (component id 1397), then read the selected component's Value[0] field and render it as the same presentation as `COM_3_VAL0_DAMAGE` (read component slot 3, then read the selected component's Value[0] field and render it as damage in this text context) in this text context",Confirmed,Damage,abilitydesc.txt,C:\Users\Admin\Downloads\myps\data\strings\english\abilitydesc.txt,"Observed in 2 extracted string occurrence(s); component field Value[0]; component operation ids 23; context tags Damage; example ability ids 1382, 1759; example text: ""You declare that this is where you're making your stand, and nothing will make you change your mind. You are almost guaranteed to block up to the next 4 attacks made against you within {COM_0_DURA_SECONDS}, and you wi..."".",1382 1759
VAL0_COM_4_RADI_FEET,COM_1_VAL0_COM_4_RADI_FEET,Value[0],"Read component slot 1 (component id 12952), then read the selected component's Value[0] field and render it as the same presentation as `COM_4_RADI_FEET` (read component slot 4, then read the selected component's Radius field and format it as feet) in this text context",Confirmed,Damage,abilitydesc.txt,C:\Users\Admin\Downloads\myps\data\strings\english\abilitydesc.txt,Observed in 1 extracted string occurrence(s); component field Value[0]; component operation ids 23; context tags Damage; example ability ids 9324; example text: ""A vicious blow to the head that deals {COM_0_VAL0_DAMAGE} and increases the Strength by {COM_1_VAL0_COM_0_VAL0} and also increasing Willpower based on Hatred for the next {COM_1_VAL0_COM_0_DURA_SECONDS}.<BR>Your Dark..."".,9324
VAL0_COM_4_VAL0,COM_1_VAL0_COM_4_VAL0,Value[0],"Read component slot 1 (component id 1244), then read the selected component's Value[0] field and render it as the same presentation as `COM_4_VAL0` (read component slot 4, then read the selected component's Value[0] field and insert the raw numeric result into client text) in this text context",Confirmed,Damage,abilitydesc.txt,C:\Users\Admin\Downloads\myps\data\strings\english\abilitydesc.txt,"Observed in 2 extracted string occurrence(s); component field Value[0]; component operation ids 23; context tags Damage; example ability ids 1364, 9324; example text: ""A brutal attack that deals {COM_0_VAL0_DAMAGE} to your target and inspires you to push the attack, increasing your Strength by {COM_1_VAL0_COM_0_VAL0} for {COM_1_VAL0_COM_0_DURA_SECONDS}. Will also affect your Oath Fr..."".",1364 9324
VAL0_COM_4_VAL0_DAMAGE,COM_2_VAL0_COM_4_VAL0_DAMAGE,Value[0],"Read component slot 2 (component id 1397), then read the selected component's Value[0] field and render it as the same presentation as `COM_4_VAL0_DAMAGE` (read component slot 4, then read the selected component's Value[0] field and render it as damage in this text context) in this text context",Confirmed,Damage,abilitydesc.txt,C:\Users\Admin\Downloads\myps\data\strings\english\abilitydesc.txt,"Observed in 2 extracted string occurrence(s); component field Value[0]; component operation ids 23; context tags Damage; example ability ids 1382, 1447; example text: ""You declare that this is where you're making your stand, and nothing will make you change your mind. You are almost guaranteed to block up to the next 4 attacks made against you within {COM_0_DURA_SECONDS}, and you wi..."".",1382 1447
VAL0_COM_6_VAL0_COM_0_VAL0,COM_0_VAL0_COM_6_VAL0_COM_0_VAL0,Value[0],"Read component slot 0 (component id 239), then read the selected component's Value[0] field and render it as the same presentation as `COM_6_VAL0_COM_0_VAL0` (read component slot 6, then read the selected component's Value[0] field and render it as the same presentation as `COM_0_VAL0` (read component slot 0, then read the selected component's Value[0] field and insert the raw numeric result into client text) in this text context) in this text context",Confirmed,Damage,abilitydesc.txt,C:\Users\Admin\Downloads\myps\data\strings\english\abilitydesc.txt,Observed in 1 extracted string occurrence(s); component field Value[0]; component operation ids 15; context tags Damage; example ability ids 1949; example text: ""Don' Feel Nuthin will also cause your target to deal {ABIL_1932_COM_0_VAL0_COM_6_VAL0_COM_0_VAL0}% more damage as long as the barrier is protecting them."".,1949
VAL0_COM_7_VAL1,COM_0_VAL0_COM_7_VAL1,Value[0],"Read component slot 0 (component id 12638), then read the selected component's Value[0] field and render it as the same presentation as `COM_7_VAL1` (read component slot 7, then read the selected component's Value[1] field and insert the raw numeric result into client text) in this text context",Confirmed,Damage,abilitydesc.txt,C:\Users\Admin\Downloads\myps\data\strings\english\abilitydesc.txt,Observed in 1 extracted string occurrence(s); component field Value[0]; component operation ids 23; context tags Damage; example ability ids 9264; example text: ""Deals {COM_0_VAL0_COM_0_VAL0_TOD_SPIRITDAMAGE} over {COM_0_VAL0_COM_0_DURA_SECONDS} and reduces your target's damage and chance to critically hit by {COM_0_VAL0_COM_7_VAL1}%."".,9264
VAL0_CORPOREALDAMAGE,COM_0_VAL0_CORPOREALDAMAGE,Value[0],"Read component slot 0 (component id 1577), then read the selected component's Value[0] field and render it as corporeal damage in this text context",Confirmed,Damage Disarm Heal Silence,abilitydesc.txt,C:\Users\Admin\Downloads\myps\data\strings\english\abilitydesc.txt,"Observed in 76 extracted string occurrence(s); component field Value[0]; component operation ids 1, 11, 13, 15, 2, 23, 36; context tags Damage, Disarm, Heal, Silence; example ability ids 10061, 10062, 10063, 10064, 10065, 10066, 10067, 10068, 10069, 10070, 10071, 10248, 10249, 10250, 10251, 10252, 10253, 10254, 10255, 10256, 10257, 10258, 14245, 1522; example text: ""Fires a compact shot directly at the target which deals {COM_0_VAL0_CORPOREALDAMAGE}."".",24 25 28 362 422 1522 1523 1525 1530 1531 1537 1539 1541 1676 1695 1847 1849 8163 8165 8169 8173 8174 8176 8181
VAL0_DAMAGE,COM_0_VAL0_DAMAGE,Value[0],"Read component slot 0 (component id 148), then read the selected component's Value[0] field and render it as damage in this text context",Confirmed,Damage Disarm Heal Immunity Knockback Knockdown Root Silence Snare Stagger Stun,abilitydesc.txt,C:\Users\Admin\Downloads\myps\data\strings\english\abilitydesc.txt,"Observed in 612 extracted string occurrence(s); component field Value[0]; component operation ids 1, 13, 15, 22, 23, 26, 36; context tags Damage, Disarm, Heal, Immunity, Knockback, Knockdown, Root, Silence, Snare, Stagger, Stun; example ability ids 1, 10, 10049, 10050, 10051, 10052, 10053, 10054, 10055, 10056, 10057, 10058, 10059, 10236, 10237, 10238, 10239, 10240, 10241, 10242, 10243, 10244, 10245, 10246; example text: ""May activate to inflict {COM_0_VAL0_DAMAGE} to a target."".",1 3 5 6 7 9 10 11 12 21 22 27 41 42 45 47 48 49 360 361 364 387 388 389
VAL0_ELEMENTALDAMAGE,COM_0_VAL0_ELEMENTALDAMAGE,Value[0],"Read component slot 0 (component id 65), then read the selected component's Value[0] field and render it as elemental damage in this text context",Confirmed,Damage Disarm Heal Silence,abilitydesc.txt,C:\Users\Admin\Downloads\myps\data\strings\english\abilitydesc.txt,"Observed in 70 extracted string occurrence(s); component field Value[0]; component operation ids 1, 15, 2, 23, 36; context tags Damage, Disarm, Heal, Silence; example ability ids 10073, 10074, 10075, 10076, 10077, 10078, 10079, 10080, 10081, 10082, 10083, 10260, 10261, 10262, 10263, 10264, 10265, 10266, 10267, 10268, 10269, 10270, 15535, 1586; example text: ""Your Pink Horror flings daemonic fire at it's target, burning them for {ABIL_54_COM_0_VAL0_ELEMENTALDAMAGE} and reducing Elemental Resistance by {ABIL_54_COM_1_VAL0} for the next {ABIL_54_COM_1_DURA_SECONDS}."".",54 57 60 61 366 443 1586 1591 1594 1603 1611 1617 1833 1899 1902 1903 1905 1913 1917 1929 1930 1931 1933 1935
VAL0_HEALTH,COM_1_VAL0_HEALTH,Value[0],"Read component slot 1 (component id 3303), then read the selected component's Value[0] field and render it as health in this text context",Confirmed,Damage Heal,abilitydesc.txt,C:\Users\Admin\Downloads\myps\data\strings\english\abilitydesc.txt,"Observed in 73 extracted string occurrence(s); component field Value[0]; component operation ids 1, 13, 15, 3; context tags Damage, Heal; example ability ids 10389, 10392, 10397, 10401, 10800, 10901, 12, 1388, 1409, 14245, 1474, 1488, 1593, 1596, 1599, 1604, 1618, 1794, 1836, 1863, 18815, 1898, 1904, 1907; example text: ""Pilfer - On Being Hit: 10% chance to steal {COM_1_VAL0_HEALTH} from your attacker."".",12 694 1388 1409 1474 1488 1593 1596 1599 1604 1618 1794 1836 1863 1898 1904 1907 1928 1951 1965 7100 7101 7102 7103
VAL0_SECONDS,COM_1_VAL0_SECONDS,Value[0],"Read component slot 1 (component id 1530), then read the selected component's Value[0] field and render it as seconds in this text context",Confirmed,Damage Disarm Immunity Knockdown Silence Stagger,abilitydesc.txt,C:\Users\Admin\Downloads\myps\data\strings\english\abilitydesc.txt,"Observed in 21 extracted string occurrence(s); component field Value[0]; component operation ids 15, 20, 21, 23; context tags Damage, Disarm, Immunity, Knockdown, Silence, Stagger; example ability ids 15114, 15117, 15126, 15512, 1691, 1850, 1867, 1943, 1955, 1956, 8199, 8212, 9030, 9097, 9120, 9291, 9449, 9513, 9515, 9529; example text: ""You release two swift blows that deal {ABIL_3539_COM_0_VAL0_SPIRITDAMAGE} each, interrupting any building attack and will Silence your target for {COM_2_DURA_SECONDS}. The winds then aid group members within 100 feet..."".",1691 1850 1867 1943 1955 1956 8199 8212 9030 9097 9120 9291 9449 9513 9515 9529 15114 15117 15126 15512
VAL0_SPIRITDAMAGE,COM_0_VAL0_SPIRITDAMAGE,Value[0],"Read component slot 0 (component id 9256), then read the selected component's Value[0] field and render it as spirit damage in this text context",Confirmed,Damage Heal Silence Snare Stagger,abilitydesc.txt,C:\Users\Admin\Downloads\myps\data\strings\english\abilitydesc.txt,"Observed in 88 extracted string occurrence(s); component field Value[0]; component operation ids 1, 13, 15, 22, 23, 36; context tags Damage, Heal, Silence, Snare, Stagger; example ability ids 10085, 10086, 10087, 10088, 10089, 10090, 10091, 10092, 10093, 10094, 10095, 10272, 10273, 10274, 10275, 10276, 10277, 10278, 10279, 10280, 10281, 10282, 15195, 18030; example text: ""Your Blue Horror spews out a cone of daemonic energy that inflicts {COM_0_VAL0_SPIRITDAMAGE} to targets up to {COM_0_RADI_FEET} in front of Horror."".",56 58 368 445 8091 8096 8098 8099 8236 8243 8244 8334 8337 8344 8349 8472 8475 8481 8483 8484 8494 8497 8500 8502
VAL0_TOD,COM_0_VAL0_TOD,Value[0],"Read component slot 0 (component id 1792), then read the selected component's Value[0] field and render it as an over-time amount in this text context",Confirmed,Damage Heal Snare,abilitydesc.txt,C:\Users\Admin\Downloads\myps\data\strings\english\abilitydesc.txt,"Observed in 17 extracted string occurrence(s); component field Value[0]; component operation ids 1, 13, 15, 19, 23, 3; context tags Damage, Heal, Snare; example ability ids 1590, 1601, 1623, 1878, 1885, 28423, 28438, 3612, 3613, 3859, 697, 800, 818, 8241, 8558, 9076; example text: ""Deals {COM_0_VAL0_TOD} magical damage over {COM_0_DURA_SECONDS} to your target."".",697 800 818 1590 1601 1623 1878 1885 3612 3613 3859 8241 8558 9076 28423 28438
VAL0_TOD_ACTIONPOINTS,COM_1_VAL0_TOD_ACTIONPOINTS,Value[0],"Read component slot 1 (component id 1461), then read the selected component's Value[0] field and render it as action points over time in this text context",Confirmed,Damage Heal,abilitydesc.txt,C:\Users\Admin\Downloads\myps\data\strings\english\abilitydesc.txt,"Observed in 9 extracted string occurrence(s); component field Value[0]; component operation ids 15, 23, 6; context tags Damage, Heal; example ability ids 1426, 1649, 1687, 1911, 8146, 8502, 9249, 9281, 9478; example text: ""A horrible torrent of energy that deals {COM_1_VAL0_SPIRITDAMAGE} every 2 seconds for {COM_1_DURA_SECONDS}. Victims killed while bathed in this flame will return {ABIL_3071_COM_0_VAL0_TOD_ACTIONPOINTS} over {ABIL_3071..."".",1426 1649 1687 1911 8146 8502 9249 9281 9478
VAL0_TOD_CORPOREALDAMAGE,COM_0_VAL0_TOD_CORPOREALDAMAGE,Value[0],"Read component slot 0 (component id 1471), then read the selected component's Value[0] field and render it as corporeal damage over time in this text context",Confirmed,Damage Heal Silence,abilitydesc.txt,C:\Users\Admin\Downloads\myps\data\strings\english\abilitydesc.txt,"Observed in 48 extracted string occurrence(s); component field Value[0]; component operation ids 1, 13, 2; context tags Damage, Heal, Silence; example ability ids 10013, 10014, 10015, 10016, 10017, 10018, 10019, 10020, 10021, 10022, 10023, 10109, 10110, 10111, 10112, 10113, 10114, 10115, 10116, 10117, 10118, 10119, 10200, 10201; example text: ""A powerful swipe with your spanner which smacks all enemies in front of you up to {COM_0_RADI_FEET} away, dealing {COM_0_VAL0_TOD_CORPOREALDAMAGE} over {COM_0_DURA_SECONDS}.<BR>The attack uses the Ranged statistic."".",1513 1514 1515 1539 8185 8189 8553 8556 8560 8563 8565 8576 9471 9486 9501 10013 10014 10015 10016 10017 10018 10019 10020 10021
VAL0_TOD_DAMAGE,COM_0_VAL0_TOD_DAMAGE,Value[0],"Read component slot 0 (component id 3287), then read the selected component's Value[0] field and render it as damage over time in this text context",Confirmed,Damage Heal Silence Snare,abilitydesc.txt,C:\Users\Admin\Downloads\myps\data\strings\english\abilitydesc.txt,"Observed in 182 extracted string occurrence(s); component field Value[0]; component operation ids 1, 13, 15, 23, 36; context tags Damage, Heal, Silence, Snare; example ability ids 10001, 10002, 10003, 10004, 10005, 10006, 10007, 10008, 10009, 10010, 10011, 10097, 10098, 10099, 10100, 10101, 10102, 10103, 10104, 10105, 10106, 10107, 10188, 10189; example text: ""May activate to inflict {COM_0_VAL0_TOD_DAMAGE} over {COM_0_DURA_SECONDS} to all targets within {COM_0_RADI_FEET}."".",2 8 9 46 387 391 431 437 438 606 690 1354 1358 1384 1385 1460 1510 1521 1554 1560 1655 1657 1700 1727
VAL0_TOD_ELEMENTALDAMAGE,COM_0_VAL0_TOD_ELEMENTALDAMAGE,Value[0],"Read component slot 0 (component id 9285), then read the selected component's Value[0] field and render it as elemental damage over time in this text context",Confirmed,Damage Heal Silence Stagger,abilitydesc.txt,C:\Users\Admin\Downloads\myps\data\strings\english\abilitydesc.txt,"Observed in 57 extracted string occurrence(s); component field Value[0]; component operation ids 1, 13, 15, 2, 23, 36; context tags Damage, Heal, Silence, Stagger; example ability ids 10025, 10026, 10027, 10028, 10029, 10030, 10031, 10032, 10033, 10034, 10035, 10121, 10122, 10123, 10124, 10125, 10126, 10127, 10128, 10129, 10130, 10131, 10212, 10213; example text: ""Your Pink Horror forces daemonic power into it's target, lowering the target's chance to critically hit by {COM_1_VAL1}% and dealing {COM_0_VAL0_TOD_ELEMENTALDAMAGE} over {COM_0_DURA_SECONDS}."".",55 367 444 1588 1589 1597 1600 1607 1613 1614 1616 1900 1909 1912 8158 8171 8188 8195 8211 8486 8487 8488 8491 9088
VAL0_TOD_HEALTH,COM_0_VAL0_TOD_HEALTH,Value[0],"Read component slot 0 (component id 11006), then read the selected component's Value[0] field and render it as health over time in this text context",Confirmed,Damage Heal,abilitydesc.txt,C:\Users\Admin\Downloads\myps\data\strings\english\abilitydesc.txt,"Observed in 72 extracted string occurrence(s); component field Value[0]; component operation ids 13, 15, 23, 3; context tags Damage, Heal; example ability ids 10393, 1426, 14414, 15675, 15676, 15677, 15678, 15679, 15680, 15681, 15682, 15683, 15684, 15685, 15728, 15729, 15730, 15731, 15732, 15733, 15734, 15735, 15736, 15737; example text: ""Gradually restores {COM_0_VAL0_TOD_HEALTH} over {COM_0_DURA_SECONDS}."".",840 1426 1599 1627 1645 1649 1717 1901 1945 1970 7874 7875 7876 7877 7878 7879 7880 7881 7882 7883 7884 7885 7886 7887
VAL0_TOD_SPIRITDAMAGE,COM_0_VAL0_TOD_SPIRITDAMAGE,Value[0],"Read component slot 0 (component id 9260), then read the selected component's Value[0] field and render it as spirit damage over time in this text context",Confirmed,Damage Heal,abilitydesc.txt,C:\Users\Admin\Downloads\myps\data\strings\english\abilitydesc.txt,"Observed in 49 extracted string occurrence(s); component field Value[0]; component operation ids 1, 13, 15, 23, 36; context tags Damage, Heal; example ability ids 10037, 10038, 10039, 10040, 10041, 10042, 10043, 10044, 10045, 10046, 10047, 10133, 10134, 10135, 10136, 10137, 10138, 10139, 10140, 10141, 10142, 10143, 10224, 10225; example text: ""Your Flamer hurls a gout of daemonic fire that will strike it's target and those {COM_0_RADI_FEET} around them, dealing {COM_0_VAL0_TOD_SPIRITDAMAGE} over {COM_0_DURA_SECONDS}."".",59 371 448 8271 8471 8482 8489 8497 9045 9187 9239 9241 9247 9405 10037 10038 10039 10040 10041 10042 10043 10044 10045 10046
VAL1,COM_1_VAL1,Value[1],"Read component slot 1 (component id 3300), then read the selected component's Value[1] field and insert the raw numeric result into client text",Confirmed,Damage Heal Immunity Knockback Knockdown Snare Stun,abilitydesc.txt,C:\Users\Admin\Downloads\myps\data\strings\english\abilitydesc.txt,"Observed in 595 extracted string occurrence(s); component field Value[1]; component operation ids 11, 13, 15, 2, 22, 23, 26, 33, 35, 36; context tags Damage, Heal, Immunity, Knockback, Knockdown, Snare, Stun; example ability ids 10157, 10158, 10159, 10160, 10161, 10162, 10345, 10346, 10350, 10352, 10354, 10356, 10358, 10359, 10360, 10364, 10367, 10368, 10381, 10383, 10407, 10412, 10415, 10416; example text: ""Your Squig injects a deadly poison in to it's target, dealing {COM_0_VAL0_TOD_DAMAGE} over {COM_0_DURA_SECONDS} and reducing their chance to critically hit by  {COM_1_VAL1}% for {COM_1_DURA_SECONDS}."".",8 43 55 428 500 504 567 585 613 649 713 797 823 841 1362 1363 1367 1383 1385 1386 1388 1394 1396 1398
VAL1_ACTIONPOINTS,COM_0_VAL1_ACTIONPOINTS,Value[1],"Read component slot 0 (component id 3156), then read the selected component's Value[1] field and render it as action points in this text context",Confirmed,Damage,abilitydesc.txt,C:\Users\Admin\Downloads\myps\data\strings\english\abilitydesc.txt,"Observed in 7 extracted string occurrence(s); component field Value[1]; component operation ids 22; context tags Damage; example ability ids 1711, 1858, 1867, 1955, 8283, 9120, 9291; example text: ""Increases damage on Big Slash to {ABIL_1680_COM_1_VAL0} and reduces cost by {COM_0_VAL1_ACTIONPOINTS}."".",1711 1858 1867 1955 8283 9120 9291
VAL1_DAMAGE,COM_0_VAL1_DAMAGE,Value[1],"Read component slot 0 (component id 1093), then read the selected component's Value[1] field and render it as damage in this text context",Confirmed,Damage Heal,abilitydesc.txt,C:\Users\Admin\Downloads\myps\data\strings\english\abilitydesc.txt,"Observed in 93 extracted string occurrence(s); component field Value[1]; component operation ids 13, 15, 22, 23; context tags Damage, Heal; example ability ids 10284, 10285, 10286, 10287, 10288, 10289, 10290, 10291, 10292, 10293, 10294, 10351, 10355, 10406, 1420, 14419, 15195, 1593, 1639, 1728, 1799, 18035, 18104, 18105; example text: ""Each group member within 100 feet is surrounded by a protective shield for the next {COM_0_DURA_SECONDS} that will absorb up to {COM_0_VAL1_DAMAGE} from melee abilities."".",696 1420 1593 1639 1728 1799 1906 7266 7267 7268 7269 7270 7271 7272 7273 7274 7275 7276 7277 7278 7279 7280 7281 7282
VAL1_SECONDS,COM_0_VAL1_SECONDS,Value[1],"Read component slot 0 (component id 1540), then read the selected component's Value[1] field and render it as seconds in this text context",Confirmed,Damage,abilitydesc.txt,C:\Users\Admin\Downloads\myps\data\strings\english\abilitydesc.txt,"Observed in 5 extracted string occurrence(s); component field Value[1]; component operation ids 22; context tags Damage; example ability ids 10353, 10357, 1704, 8354; example text: ""A sudden rage makes you want to take down your enemies even faster. All your build times are reduced by {COM_0_VAL1_SECONDS} for {COM_0_DURA_SECONDS}."".",1704 8354 10353 10357
VAL1_TOD_DAMAGE,COM_2_VAL1_TOD_DAMAGE,Value[1],"Read component slot 2 (component id 12832), then read the selected component's Value[1] field and render it as damage over time in this text context",Confirmed,Damage,abilitydesc.txt,C:\Users\Admin\Downloads\myps\data\strings\english\abilitydesc.txt,"Observed in 1 extracted string occurrence(s); component field Value[1]; component operation ids 22; context tags Damage; example ability ids 9244; example text: ""You cleanse an ally's wound and remove one Ailment or Hex. If an effect is removed, your ally will absorb up to {COM_2_VAL1_TOD_DAMAGE} over {COM_2_DURA_SECONDS}."".",9244
