OperationId,OperationName,FieldKey,RawValue,AbilityId,AbilityName,ComponentId,ComponentSlotIndex,TriggerText,ContextTagsText,TextExcerpt,SourcePath,SourceLocation
23,APPLY_ABILITY,ExtData[0].Val7,1,5,KABOOM!,142,2,3 -> OnPreviousComponentApplied,Damage,"Your Battle Squig explodes, causing you to be launched upward out of your Squiggy armor. All enemies within {COM_1_RADI_FEET} take {COM_3_VAL0_DAMAGE} and are knocked back.",C:\Users\Admin\Downloads\myps\data\strings\english\abilitydesc.txt,line 6
23,APPLY_ABILITY,ExtData[0].Val7,1,9,Poisoned Spine,1699,1,3 -> OnPreviousComponentApplied,Damage,"Your Squig gores its target, dealing {COM_0_VAL0_DAMAGE} and an additional {ABIL_3881_COM_0_VAL0_TOD_DAMAGE} over {ABIL_3881_COM_0_DURA_SECONDS}.",C:\Users\Admin\Downloads\myps\data\strings\english\abilitydesc.txt,line 10
23,APPLY_ABILITY,ExtData[0].Val7,1,10,Gore,142,2,3 -> OnPreviousComponentApplied,Damage,"Your Squig slams it's head in to it's target, dealing {COM_0_VAL0_DAMAGE} and knocking them back.",C:\Users\Admin\Downloads\myps\data\strings\english\abilitydesc.txt,line 11
23,APPLY_ABILITY,ExtData[0].Val7,1,31,Detonation,3447,1,3 -> OnPreviousComponentApplied,,,C:\Users\Admin\Downloads\myps\data\bin\abilityexport.bin,byte 186941
23,APPLY_ABILITY,ExtData[0].Val7,1,84,Flamethrower,3123,0,1 -> OnApply,,,C:\Users\Admin\Downloads\myps\data\bin\abilityexport.bin,byte 194061
23,APPLY_ABILITY,ExtData[0].Val7,1,183,Pierce,493,0,1 -> OnApply,,,C:\Users\Admin\Downloads\myps\data\bin\abilityexport.bin,byte 210357
23,APPLY_ABILITY,ExtData[0].Val7,5,10806,Elixir of Tahoth,18366,1,6 -> OnEventTriggered,,"Downing this concoction will provide you with a sample of Tahoth's power! For the next {COM_0_DURA_MINUTES}, every time you attack, there is a 5% chance that the next ability used within {ABIL_10810_COM_1_DURA_SECONDS} will not take any AP to use. This cannot trigger more than once every 10s.",C:\Users\Admin\Downloads\myps\data\strings\english\abilitydesc.txt,line 10807
23,APPLY_ABILITY,ExtData[0].Val7,5,13330,Portal to Beyond!,13386,6,10 -> OnBuffEndedRemoved,,,C:\Users\Admin\Downloads\myps\data\bin\abilityexport.bin,byte 1724980
23,APPLY_ABILITY,ExtData[0].Val7,5,14117,Invigorating Victory - Dark Elf,14188,1,6 -> OnEventTriggered,,Killing Dark Elves will double your AP regen rate 10% of the time.,C:\Users\Admin\Downloads\myps\data\strings\english\abilitydesc.txt,line 14118
23,APPLY_ABILITY,ExtData[0].Val7,5,15146,Exalted Glory of War,18048,9,3 -> OnPreviousComponentApplied,,"For the next {COM_0_DURA_SECONDS}, everyone in the area will receive an extra {COM_3_VAL1}% bonus to experience, influence, and renown.",C:\Users\Admin\Downloads\myps\data\strings\english\abilitydesc.txt,line 15147
23,APPLY_ABILITY,ExtData[0].Val7,5,18001,Soul Barrier I,18003,1,6 -> OnEventTriggered,Damage,Soul Barrier I - On Being Hit: 5% chance to absorb up to {ABIL_18037_COM_0_VAL1} damage over {ABIL_18037_COM_0_DURA_SECONDS}. This effect will not activate more than once every {ABIL_18073_COM_0_DURA_SECONDS}.,C:\Users\Admin\Downloads\myps\data\strings\english\abilitydesc.txt,line 18002
23,APPLY_ABILITY,ExtData[0].Val7,5,18006,Soul Haste I,18022,1,6 -> OnEventTriggered,,Soul Haste I - On Hit: 5% chance to increase attack speed by {ABIL_18042_COM_0_VAL1}% for {ABIL_18042_COM_0_DURA_SECONDS}. This effect will not activate more than once every {ABIL_18072_COM_0_DURA_SECONDS}.,C:\Users\Admin\Downloads\myps\data\strings\english\abilitydesc.txt,line 18007
23,APPLY_ABILITY,ExtData[0].Val7,250,3738,Mount - BAF Griffon - Order,11747,0,1 -> OnApply,,Your next ability will require no AP.,C:\Users\Admin\Downloads\myps\data\strings\english\abilitydesc.txt,line 3739
23,APPLY_ABILITY,ExtData[0].Val7,250,8236,Judgement,9095,1,3 -> OnPreviousComponentApplied,Damage,"You call down the holy judgement of Sigmar, dealing {COM_0_VAL0_SPIRITDAMAGE} to the enemy.",C:\Users\Admin\Downloads\myps\data\strings\english\abilitydesc.txt,line 8237
23,APPLY_ABILITY,ExtData[0].Val7,250,8236,Judgement,9601,2,1 -> OnApply,Damage,"You call down the holy judgement of Sigmar, dealing {COM_0_VAL0_SPIRITDAMAGE} to the enemy.",C:\Users\Admin\Downloads\myps\data\strings\english\abilitydesc.txt,line 8237
23,APPLY_ABILITY,ExtData[0].Val7,250,8237,Supplication,8779,1,8 -> OnPreviousComponentBuffTick,,"For the next {COM_0_DURA_SECONDS}, you will convert 30 action points into {COM_1_VAL0_COM_0_VAL0} Righteous Fury every second.  If you run out of action points or break your concentration, this effect will end.",C:\Users\Admin\Downloads\myps\data\strings\english\abilitydesc.txt,line 8238
23,APPLY_ABILITY,ExtData[0].Val7,250,8240,Bludgeon,8779,1,3 -> OnPreviousComponentApplied,Damage,A powerful attack which deals {COM_0_VAL0_DAMAGE} to your enemy.,C:\Users\Admin\Downloads\myps\data\strings\english\abilitydesc.txt,line 8241
23,APPLY_ABILITY,ExtData[0].Val7,250,8240,Bludgeon,9601,2,1 -> OnApply,Damage,A powerful attack which deals {COM_0_VAL0_DAMAGE} to your enemy.,C:\Users\Admin\Downloads\myps\data\strings\english\abilitydesc.txt,line 8241
23,APPLY_ABILITY,ExtData[0].Val7,4,8081,Razor Strike,9546,3,1 -> OnApply,Damage,A quick precision strike that deals {COM_0_VAL0_DAMAGE}.,C:\Users\Admin\Downloads\myps\data\strings\english\abilitydesc.txt,line 8082
23,APPLY_ABILITY,ExtData[0].Val7,4,8081,Razor Strike,9877,4,1 -> OnApply,Damage,A quick precision strike that deals {COM_0_VAL0_DAMAGE}.,C:\Users\Admin\Downloads\myps\data\strings\english\abilitydesc.txt,line 8082
23,APPLY_ABILITY,ExtData[0].Val7,4,8083,Fervor,9877,4,1 -> OnApply,Damage,"A precise incision that deals {COM_0_VAL0_DAMAGE}, and an additional {COM_2_VAL0_COM_1_VAL0_TOD_DAMAGE} over {COM_2_VAL0_COM_1_DURA_SECONDS}.  This effect can be stacked up to 3 times.",C:\Users\Admin\Downloads\myps\data\strings\english\abilitydesc.txt,line 8084
23,APPLY_ABILITY,ExtData[0].Val7,4,8085,Torment,9877,4,1 -> OnApply,Damage,"A destructive thrust that deals {COM_0_VAL0_DAMAGE} to your enemy. If you are behind your target, this attack will ignore armor.",C:\Users\Admin\Downloads\myps\data\strings\english\abilitydesc.txt,line 8086
23,APPLY_ABILITY,ExtData[0].Val7,4,8091,Burn Armor,9877,6,1 -> OnApply,Damage,"A surprise attack that burns your target, causing them to take {COM_1_VAL0_SPIRITDAMAGE} each time they use a melee attack for the next {COM_0_DURA_SECONDS}. Your abilities will cost {COM_2_VAL0_COM_0_VAL1}% fewer Action Points for {COM_2_VAL0_COM_0_DURA_SECONDS}. Builds 2 Accusations.",C:\Users\Admin\Downloads\myps\data\strings\english\abilitydesc.txt,line 8092
23,APPLY_ABILITY,ExtData[0].Val7,4,8096,Sudden Accusation,9877,6,1 -> OnApply,Damage,You leap from the shadows and accuse your target of heresy. Your target will take {COM_1_VAL0_SPIRITDAMAGE} every time they move for {COM_0_DURA_SECONDS}. Your abilities will cost {COM_2_VAL0_COM_0_VAL1}% fewer Action Points for {COM_2_VAL0_COM_0_DURA_SECONDS}. Builds 2 Accusations.,C:\Users\Admin\Downloads\myps\data\strings\english\abilitydesc.txt,line 8097
23,APPLY_ABILITY,ExtData[0].Val7,2,1734,Discordant Turbulence,19203,2,1 -> OnApply,,You suddenly realize that you could smash things better with a different plan.<BR><BR>   No Plan:  You gain Da Good Plan.<BR>   Da Good Plan:  You gain Da Best Plan.<BR>   Da Best Plan:  You gain Da Good Plan.,C:\Users\Admin\Downloads\myps\data\strings\english\abilitydesc.txt,line 1735
23,APPLY_ABILITY,ExtData[0].Val7,2,9035,Sudden Shift,12949,2,1 -> OnApply,,"With a graceful sweep, you quickly change your stance and prepare for battle.<BR><BR>   No Balance:  You gain Improved Balance.<BR>   Improved Balance:  You gain Perfect Balance.<BR>   Perfect Balance:  You gain Improved Balance.",C:\Users\Admin\Downloads\myps\data\strings\english\abilitydesc.txt,line 9036
23,APPLY_ABILITY,ExtData[0].Val7,2,13044,Blood-Forged Armor,13090,2,6 -> OnEventTriggered,,,C:\Users\Admin\Downloads\myps\data\bin\abilityexport.bin,byte 1677863
23,APPLY_ABILITY,ExtData[0].Val7,2,13330,Portal to Beyond!,13383,3,10 -> OnBuffEndedRemoved,,,C:\Users\Admin\Downloads\myps\data\bin\abilityexport.bin,byte 1724980
23,APPLY_ABILITY,ExtData[0].Val7,2,14701,King's Tale,14424,4,1 -> OnApply,,"Spread the tale of the king's defeat!  Your target will gain more experience, more influence, more renown, and move faster when mounted - but the tale loses potency with each retelling, and their effects will be weaker than yours.<BR>They will also gain the ability to share the king's tale with other allies, spreading the story far and wide!",C:\Users\Admin\Downloads\myps\data\strings\english\abilitydesc.txt,line 14702
23,APPLY_ABILITY,ExtData[0].Val7,2,14704,Greenskin Lord's Tale,14440,1,1 -> OnApply,Damage,"Spread the tale of the lord's defeat!  Your target will deal {COM_0_VAL0}% more damage to Greenskin players.  They also gain the ability to share the lord's tale with other allies, spreading the story far and wide!",C:\Users\Admin\Downloads\myps\data\strings\english\abilitydesc.txt,line 14705
23,APPLY_ABILITY,ExtData[0].Val3,1,3,Bounce,329,2,3 -> OnPreviousComponentApplied,Damage,"You cause your Battle Squig to bounce, dealing {COM_0_VAL0_DAMAGE} and knocking your target down for {COM_1_DURA_SECONDS}.",C:\Users\Admin\Downloads\myps\data\strings\english\abilitydesc.txt,line 4
23,APPLY_ABILITY,ExtData[0].Val3,1,5,KABOOM!,142,2,3 -> OnPreviousComponentApplied,Damage,"Your Battle Squig explodes, causing you to be launched upward out of your Squiggy armor. All enemies within {COM_1_RADI_FEET} take {COM_3_VAL0_DAMAGE} and are knocked back.",C:\Users\Admin\Downloads\myps\data\strings\english\abilitydesc.txt,line 6
23,APPLY_ABILITY,ExtData[0].Val3,1,6,;/end,329,1,3 -> OnPreviousComponentApplied,Damage,"Your Squig bounces on it's target dealing {COM_2_VAL0_DAMAGE}, and knocking them down for {COM_0_DURA_SECONDS}.",C:\Users\Admin\Downloads\myps\data\strings\english\abilitydesc.txt,line 7
23,APPLY_ABILITY,ExtData[0].Val3,1,9,Poisoned Spine,1699,1,3 -> OnPreviousComponentApplied,Damage,"Your Squig gores its target, dealing {COM_0_VAL0_DAMAGE} and an additional {ABIL_3881_COM_0_VAL0_TOD_DAMAGE} over {ABIL_3881_COM_0_DURA_SECONDS}.",C:\Users\Admin\Downloads\myps\data\strings\english\abilitydesc.txt,line 10
23,APPLY_ABILITY,ExtData[0].Val3,1,10,Gore,142,2,3 -> OnPreviousComponentApplied,Damage,"Your Squig slams it's head in to it's target, dealing {COM_0_VAL0_DAMAGE} and knocking them back.",C:\Users\Admin\Downloads\myps\data\strings\english\abilitydesc.txt,line 11
23,APPLY_ABILITY,ExtData[0].Val3,1,31,Detonation,3447,1,3 -> OnPreviousComponentApplied,,,C:\Users\Admin\Downloads\myps\data\bin\abilityexport.bin,byte 186941
23,APPLY_ABILITY,ExtData[0].Val3,4,758,Rune Of Immolation,3053,1,6 -> OnEventTriggered,,"Any time you are hit, there is a 25% chance that your movement speed will be increased by {COM_1_VAL0_COM_0_VAL0}% for {COM_1_VAL0_COM_0_DURA_SECONDS}.",C:\Users\Admin\Downloads\myps\data\strings\english\abilitydesc.txt,line 759
23,APPLY_ABILITY,ExtData[0].Val3,4,776,Spellbinding Rune,3056,1,6 -> OnEventTriggered,Heal,"Any time that you are healed by a direct heal, there is a 25% chance that you will regain an additional {COM_1_VAL0_COM_0_VAL0} hit points as well.",C:\Users\Admin\Downloads\myps\data\strings\english\abilitydesc.txt,line 777
23,APPLY_ABILITY,ExtData[0].Val3,4,779,;Rune Priest Spec Abilities,1192,1,6 -> OnEventTriggered,Damage,"Any time you are attacked, there is a 25% chance that you will become protected by a magical barrier for up to {COM_1_VAL0_COM_0_DURA_SECONDS}, which will absorb up to {COM_1_VAL0_COM_0_VAL1_DAMAGE}.<BR>This effect will not trigger more than once every 3 seconds.",C:\Users\Admin\Downloads\myps\data\strings\english\abilitydesc.txt,line 780
23,APPLY_ABILITY,ExtData[0].Val3,4,1590,Fan The Flames,1790,1,7 -> OnPreviousComponentTick,Heal,Heals for {COM_0_VAL0_TOD} life over {COM_0_DURA_SECONDS},C:\Users\Admin\Downloads\myps\data\strings\english\abilitydesc.txt,line 1591
23,APPLY_ABILITY,ExtData[0].Val3,4,1828,Crushing Blows,720,0,1 -> OnApply,Damage,"You cause your pet to explode, dealing {ABIL_15_COM_0_VAL0_DAMAGE} to enemies within {ABIL_15_COM_0_RADI_FEET}.  For the next {COM_2_DURA_SECONDS}, the next different squig other than the one that just exploded will be summoned instantly.",C:\Users\Admin\Downloads\myps\data\strings\english\abilitydesc.txt,line 1829
23,APPLY_ABILITY,ExtData[0].Val3,4,1856,Strength In Numbas,3059,2,6 -> OnEventTriggered,,"Any time one of your groupmates within 100 feet of you hits an enemy, there is a 25% chance that you will regain {COM_2_VAL0_COM_0_VAL0_TOD} points of Morale over {COM_2_VAL0_COM_0_DURA_SECONDS}.<BR>This effect will not trigger more than once every 3 seconds.",C:\Users\Admin\Downloads\myps\data\strings\english\abilitydesc.txt,line 1857
23,APPLY_ABILITY,ExtData[0].Val3,6,5,KABOOM!,343,6,3 -> OnPreviousComponentApplied,Damage,"Your Battle Squig explodes, causing you to be launched upward out of your Squiggy armor. All enemies within {COM_1_RADI_FEET} take {COM_3_VAL0_DAMAGE} and are knocked back.",C:\Users\Admin\Downloads\myps\data\strings\english\abilitydesc.txt,line 6
23,APPLY_ABILITY,ExtData[0].Val3,6,608,Pulverizing Strike,343,3,3 -> OnPreviousComponentApplied,,"Both you and your target are held tightly in place for {COM_1_DURA_SECONDS}, and neither one of you can move.<BR>This effect can not be dispelled or broken.",C:\Users\Admin\Downloads\myps\data\strings\english\abilitydesc.txt,line 609
23,APPLY_ABILITY,ExtData[0].Val3,6,648,Hastened Punishment,343,3,3 -> OnPreviousComponentApplied,Damage,A mid-range attack that deals {COM_0_VAL0_DAMAGE} and knocks targeted player away. Monsters will be knocked down.,C:\Users\Admin\Downloads\myps\data\strings\english\abilitydesc.txt,line 649
23,APPLY_ABILITY,ExtData[0].Val3,6,670,Grievous Harm,343,3,3 -> OnPreviousComponentApplied,Damage,A focused blast that deals {COM_0_VAL0_DAMAGE} and knocks the targeted player away. Monsters will be knocked down.,C:\Users\Admin\Downloads\myps\data\strings\english\abilitydesc.txt,line 671
23,APPLY_ABILITY,ExtData[0].Val3,6,672,Unleash the Winds,343,4,3 -> OnPreviousComponentApplied,Damage,"Deals {COM_0_VAL0_DAMAGE} to all enemies within {COM_0_RADI_FEET}, and knocks them away from you.",C:\Users\Admin\Downloads\myps\data\strings\english\abilitydesc.txt,line 673
23,APPLY_ABILITY,ExtData[0].Val3,6,1010,Arrow Attack - Strong,14217,0,1 -> OnApply,,Your pet doesn't have enough Morale,C:\Users\Admin\Downloads\myps\data\strings\english\abilityeffect.txt,line 1011
23,APPLY_ABILITY,ExtData[0].Val3,5,264,Cunning Rumination ,1914,1,1 -> OnApply,,,C:\Users\Admin\Downloads\myps\data\bin\abilityexport.bin,byte 224135
23,APPLY_ABILITY,ExtData[0].Val3,5,266,Quell Suffering,1916,1,1 -> OnApply,,,C:\Users\Admin\Downloads\myps\data\bin\abilityexport.bin,byte 224523
23,APPLY_ABILITY,ExtData[0].Val3,5,334,Barrier Of Dementia,12084,1,1 -> OnApply,,,C:\Users\Admin\Downloads\myps\data\bin\abilityexport.bin,byte 237133
23,APPLY_ABILITY,ExtData[0].Val3,5,335,High Magic Damage Counter,12086,1,1 -> OnApply,,,C:\Users\Admin\Downloads\myps\data\bin\abilityexport.bin,byte 237327
23,APPLY_ABILITY,ExtData[0].Val3,5,1366,Extra Special Mushrooms,18263,4,1 -> OnApply,Damage,"You whirl your axe around, dealing {COM_0_VAL0_DAMAGE} to enemies {COM_0_RADI_FEET} in front of you.<BR><BR> At 25 Grudges: Ignores 25% of the victim's armor.<BR> At 50 Grudges: Ignores 50% of the victim's armor.<BR> At 75 Grudges: Ignores 75% of the victim's armor.<BR> At 100 Grudges: Ignores 100% of the victim's armor.",C:\Users\Admin\Downloads\myps\data\strings\english\abilitydesc.txt,line 1367
23,APPLY_ABILITY,ExtData[0].Val3,5,3263,Concentrated Fire,12703,0,1 -> OnApply,,,C:\Users\Admin\Downloads\myps\data\bin\abilityexport.bin,byte 39456
23,APPLY_ABILITY,ExtData[0].Val3,7,10320,Volatility,14647,0,1 -> OnApply,,,C:\Users\Admin\Downloads\myps\data\bin\abilityexport.bin,byte 532912
23,APPLY_ABILITY,ExtData[1].Val7,1,5,KABOOM!,343,6,3 -> OnPreviousComponentApplied,Damage,"Your Battle Squig explodes, causing you to be launched upward out of your Squiggy armor. All enemies within {COM_1_RADI_FEET} take {COM_3_VAL0_DAMAGE} and are knocked back.",C:\Users\Admin\Downloads\myps\data\strings\english\abilitydesc.txt,line 6
23,APPLY_ABILITY,ExtData[1].Val7,1,608,Pulverizing Strike,343,3,3 -> OnPreviousComponentApplied,,"Both you and your target are held tightly in place for {COM_1_DURA_SECONDS}, and neither one of you can move.<BR>This effect can not be dispelled or broken.",C:\Users\Admin\Downloads\myps\data\strings\english\abilitydesc.txt,line 609
23,APPLY_ABILITY,ExtData[1].Val7,1,648,Hastened Punishment,343,3,3 -> OnPreviousComponentApplied,Damage,A mid-range attack that deals {COM_0_VAL0_DAMAGE} and knocks targeted player away. Monsters will be knocked down.,C:\Users\Admin\Downloads\myps\data\strings\english\abilitydesc.txt,line 649
23,APPLY_ABILITY,ExtData[1].Val7,1,670,Grievous Harm,343,3,3 -> OnPreviousComponentApplied,Damage,A focused blast that deals {COM_0_VAL0_DAMAGE} and knocks the targeted player away. Monsters will be knocked down.,C:\Users\Admin\Downloads\myps\data\strings\english\abilitydesc.txt,line 671
23,APPLY_ABILITY,ExtData[1].Val7,1,672,Unleash the Winds,343,4,3 -> OnPreviousComponentApplied,Damage,"Deals {COM_0_VAL0_DAMAGE} to all enemies within {COM_0_RADI_FEET}, and knocks them away from you.",C:\Users\Admin\Downloads\myps\data\strings\english\abilitydesc.txt,line 673
23,APPLY_ABILITY,ExtData[1].Val7,1,1365,Ain't Done Yet!,343,4,3 -> OnPreviousComponentApplied,Damage,A dismissive strike that deals {COM_0_VAL0_DAMAGE} and knocks the enemy away.,C:\Users\Admin\Downloads\myps\data\strings\english\abilitydesc.txt,line 1366
23,APPLY_ABILITY,ExtData[1].Val7,5,9435,For the Hag Queen!,11045,5,6 -> OnEventTriggered,,Your Frenzies will now have a 10% chance per point spent to knock the enemy down for {COM_1_VAL0_COM_0_DURA_SECONDS}.,C:\Users\Admin\Downloads\myps\data\strings\english\abilitydesc.txt,line 9436
23,APPLY_ABILITY,ExtData[1].Val7,5,10001,Hemorrage I,10254,1,6 -> OnEventTriggered,Damage,Hemorrage I - On Hit: 5% chance to bleed target for {ABIL_10481_COM_0_VAL0_TOD_DAMAGE} over {ABIL_10481_COM_0_DURA_SECONDS}.,C:\Users\Admin\Downloads\myps\data\strings\english\abilitydesc.txt,line 10002
23,APPLY_ABILITY,ExtData[1].Val7,5,10002,Hemorrage II,10255,1,6 -> OnEventTriggered,Damage,Hemorrage II - On Hit: 5% chance to bleed target for {ABIL_10482_COM_0_VAL0_TOD_DAMAGE} over {ABIL_10482_COM_0_DURA_SECONDS}.,C:\Users\Admin\Downloads\myps\data\strings\english\abilitydesc.txt,line 10003
23,APPLY_ABILITY,ExtData[1].Val7,5,10003,Hemorrage III,10256,1,6 -> OnEventTriggered,Damage,Hemorrage III - On Hit: 5% chance to bleed target for {ABIL_10483_COM_0_VAL0_TOD_DAMAGE} over {ABIL_10483_COM_0_DURA_SECONDS}.,C:\Users\Admin\Downloads\myps\data\strings\english\abilitydesc.txt,line 10004
23,APPLY_ABILITY,ExtData[1].Val7,5,10004,Hemorrage IV,10257,1,6 -> OnEventTriggered,Damage,Hemorrage IV - On Hit: 5% chance to bleed target for {ABIL_10484_COM_0_VAL0_TOD_DAMAGE} over {ABIL_10484_COM_0_DURA_SECONDS}.,C:\Users\Admin\Downloads\myps\data\strings\english\abilitydesc.txt,line 10005
23,APPLY_ABILITY,ExtData[1].Val7,5,10005,Hemorrage V,10258,1,6 -> OnEventTriggered,Damage,Hemorrage V - On Hit: 5% chance to bleed target for {ABIL_10485_COM_0_VAL0_TOD_DAMAGE} over {ABIL_10485_COM_0_DURA_SECONDS}.,C:\Users\Admin\Downloads\myps\data\strings\english\abilitydesc.txt,line 10006
23,APPLY_ABILITY,ExtData[1].Val7,10,8471,Rend Winds,8479,1,3 -> OnPreviousComponentApplied,Damage,"Tears at your foe with fierce winds, hitting them three times for a total of {COM_0_VAL0_TOD_SPIRITDAMAGE}.",C:\Users\Admin\Downloads\myps\data\strings\english\abilitydesc.txt,line 8472
23,APPLY_ABILITY,ExtData[1].Val7,10,10145,Dissolve I,10342,1,6 -> OnEventTriggered,,Dissolve I - On Hit: 10% chance to reduce target's armor by {ABIL_10569_COM_0_VAL0} for {ABIL_10569_COM_0_DURA_SECONDS}.,C:\Users\Admin\Downloads\myps\data\strings\english\abilitydesc.txt,line 10146
23,APPLY_ABILITY,ExtData[1].Val7,10,10146,Dissolve II,10343,1,6 -> OnEventTriggered,,Dissolve II - On Hit: 10% chance to reduce target's armor by {ABIL_10570_COM_0_VAL0} for {ABIL_10570_COM_0_DURA_SECONDS}.,C:\Users\Admin\Downloads\myps\data\strings\english\abilitydesc.txt,line 10147
23,APPLY_ABILITY,ExtData[1].Val7,10,10147,Dissolve III,10344,1,6 -> OnEventTriggered,,Dissolve III - On Hit: 10% chance to reduce target's armor by {ABIL_10571_COM_0_VAL0} for {ABIL_10571_COM_0_DURA_SECONDS}.,C:\Users\Admin\Downloads\myps\data\strings\english\abilitydesc.txt,line 10148
23,APPLY_ABILITY,ExtData[1].Val7,10,10148,Dissolve IV,10345,1,6 -> OnEventTriggered,,Dissolve IV - On Hit: 10% chance to reduce target's armor by {ABIL_10572_COM_0_VAL0} for {ABIL_10572_COM_0_DURA_SECONDS}.,C:\Users\Admin\Downloads\myps\data\strings\english\abilitydesc.txt,line 10149
23,APPLY_ABILITY,ExtData[1].Val7,10,10149,Dissolve V,10346,1,6 -> OnEventTriggered,,Dissolve V - On Hit: 10% chance to reduce target's armor by {ABIL_10573_COM_0_VAL0} for {ABIL_10573_COM_0_DURA_SECONDS}.,C:\Users\Admin\Downloads\myps\data\strings\english\abilitydesc.txt,line 10150
23,APPLY_ABILITY,ExtData[1].Val7,2,9435,For the Hag Queen!,11042,2,6 -> OnEventTriggered,,Your Frenzies will now have a 10% chance per point spent to knock the enemy down for {COM_1_VAL0_COM_0_DURA_SECONDS}.,C:\Users\Admin\Downloads\myps\data\strings\english\abilitydesc.txt,line 9436
23,APPLY_ABILITY,ExtData[1].Val7,2,10188,Blades I,10381,1,6 -> OnEventTriggered,Damage,Blades I - On Being Hit: 2% chance attacker is cut and suffers {ABIL_10608_COM_0_VAL0_TOD_DAMAGE} over {ABIL_10608_COM_0_DURA_SECONDS}.,C:\Users\Admin\Downloads\myps\data\strings\english\abilitydesc.txt,line 10189
23,APPLY_ABILITY,ExtData[1].Val7,2,10189,Blades II,10382,1,6 -> OnEventTriggered,Damage,Blades II - On Being Hit: 2% chance attacker is cut and suffers {ABIL_10609_COM_0_VAL0_TOD_DAMAGE} over {ABIL_10609_COM_0_DURA_SECONDS}.,C:\Users\Admin\Downloads\myps\data\strings\english\abilitydesc.txt,line 10190
23,APPLY_ABILITY,ExtData[1].Val7,2,10190,Blades III,10383,1,6 -> OnEventTriggered,Damage,Blades III - On Being Hit: 2% chance attacker is cut and suffers {ABIL_10610_COM_0_VAL0_TOD_DAMAGE} over {ABIL_10610_COM_0_DURA_SECONDS}.,C:\Users\Admin\Downloads\myps\data\strings\english\abilitydesc.txt,line 10191
23,APPLY_ABILITY,ExtData[1].Val7,2,10191,Blades IV,10384,1,6 -> OnEventTriggered,Damage,Blades IV - On Being Hit: 2% chance attacker is cut and suffers {ABIL_10611_COM_0_VAL0_TOD_DAMAGE} over {ABIL_10611_COM_0_DURA_SECONDS}.,C:\Users\Admin\Downloads\myps\data\strings\english\abilitydesc.txt,line 10192
23,APPLY_ABILITY,ExtData[1].Val7,2,10192,Blades V,10385,1,6 -> OnEventTriggered,Damage,Blades V - On Being Hit: 2% chance attacker is cut and suffers {ABIL_10612_COM_0_VAL0_TOD_DAMAGE} over {ABIL_10612_COM_0_DURA_SECONDS}.,C:\Users\Admin\Downloads\myps\data\strings\english\abilitydesc.txt,line 10193
23,APPLY_ABILITY,ExtData[1].Val7,25,797,Thick-Skulled,2016,1,6 -> OnEventTriggered,Damage,"Any time you are attacked, there is a 25% chance that you will absorb up to {ABIL_3996_COM_0_VAL1} damage.<BR>This effect will not trigger more than once every 3 seconds.",C:\Users\Admin\Downloads\myps\data\strings\english\abilitydesc.txt,line 798
23,APPLY_ABILITY,ExtData[1].Val7,25,800,Ancestor's Blessing,1135,1,6 -> OnEventTriggered,Damage,"Any time you are attacked, there is a 25% chance that you will lash out for {ABIL_3595_COM_0_VAL0_TOD} Elemental damage over {ABIL_3595_COM_0_DURA_SECONDS} to anyone who hits you.",C:\Users\Admin\Downloads\myps\data\strings\english\abilitydesc.txt,line 801
23,APPLY_ABILITY,ExtData[1].Val7,25,818,Centuries of Training,2013,1,6 -> OnEventTriggered,Damage,Upon striking a target with a direct damage ability there is a 25% chance to inflict an additional {ABIL_3995_COM_0_VAL0_TOD} Spirit damage over {ABIL_3995_COM_0_DURA_SECONDS}.,C:\Users\Admin\Downloads\myps\data\strings\english\abilitydesc.txt,line 819
23,APPLY_ABILITY,ExtData[1].Val7,25,1432,To Victory!,3845,2,3 -> OnPreviousComponentApplied,Damage,You deal {COM_0_VAL0_DAMAGE} and reduce the movement speed of your enemy by {COM_1_VAL0_COM_0_VAL0}% for {COM_1_VAL0_COM_0_DURA_SECONDS}.,C:\Users\Admin\Downloads\myps\data\strings\english\abilitydesc.txt,line 1433
23,APPLY_ABILITY,ExtData[1].Val7,25,1438,Enervating Blow,3845,2,3 -> OnPreviousComponentApplied,Damage,"You deal an exhaustive blow that does {COM_0_VAL0_DAMAGE} and reduces your target's chance to critically hit by {COM_1_VAL0_COM_0_VAL1}% for {COM_1_VAL0_COM_0_DURA_SECONDS}.<BR><BR>If you are Furious, gains a 75% damage bonus instead of the 25% bonus.",C:\Users\Admin\Downloads\myps\data\strings\english\abilitydesc.txt,line 1439
23,APPLY_ABILITY,ExtData[1].Val7,25,1439,Deathblow,3845,1,3 -> OnPreviousComponentApplied,Damage,"You unleash a powerful blow, dealing {COM_0_VAL0_DAMAGE}.<BR><BR>If you are Furious, gains a 75% damage bonus instead of the 25% bonus.",C:\Users\Admin\Downloads\myps\data\strings\english\abilitydesc.txt,line 1440
23,APPLY_ABILITY,ExtData[0].Val1,2,3,Bounce,329,2,3 -> OnPreviousComponentApplied,Damage,"You cause your Battle Squig to bounce, dealing {COM_0_VAL0_DAMAGE} and knocking your target down for {COM_1_DURA_SECONDS}.",C:\Users\Admin\Downloads\myps\data\strings\english\abilitydesc.txt,line 4
23,APPLY_ABILITY,ExtData[0].Val1,2,5,KABOOM!,142,2,3 -> OnPreviousComponentApplied,Damage,"Your Battle Squig explodes, causing you to be launched upward out of your Squiggy armor. All enemies within {COM_1_RADI_FEET} take {COM_3_VAL0_DAMAGE} and are knocked back.",C:\Users\Admin\Downloads\myps\data\strings\english\abilitydesc.txt,line 6
23,APPLY_ABILITY,ExtData[0].Val1,2,5,KABOOM!,343,6,3 -> OnPreviousComponentApplied,Damage,"Your Battle Squig explodes, causing you to be launched upward out of your Squiggy armor. All enemies within {COM_1_RADI_FEET} take {COM_3_VAL0_DAMAGE} and are knocked back.",C:\Users\Admin\Downloads\myps\data\strings\english\abilitydesc.txt,line 6
23,APPLY_ABILITY,ExtData[0].Val1,2,6,;/end,329,1,3 -> OnPreviousComponentApplied,Damage,"Your Squig bounces on it's target dealing {COM_2_VAL0_DAMAGE}, and knocking them down for {COM_0_DURA_SECONDS}.",C:\Users\Admin\Downloads\myps\data\strings\english\abilitydesc.txt,line 7
23,APPLY_ABILITY,ExtData[0].Val1,2,9,Poisoned Spine,1699,1,3 -> OnPreviousComponentApplied,Damage,"Your Squig gores its target, dealing {COM_0_VAL0_DAMAGE} and an additional {ABIL_3881_COM_0_VAL0_TOD_DAMAGE} over {ABIL_3881_COM_0_DURA_SECONDS}.",C:\Users\Admin\Downloads\myps\data\strings\english\abilitydesc.txt,line 10
23,APPLY_ABILITY,ExtData[0].Val1,2,10,Gore,142,2,3 -> OnPreviousComponentApplied,Damage,"Your Squig slams it's head in to it's target, dealing {COM_0_VAL0_DAMAGE} and knocking them back.",C:\Users\Admin\Downloads\myps\data\strings\english\abilitydesc.txt,line 11
23,APPLY_ABILITY,ExtData[0].Val1,1,31,Detonation,3447,1,3 -> OnPreviousComponentApplied,,,C:\Users\Admin\Downloads\myps\data\bin\abilityexport.bin,byte 186941
23,APPLY_ABILITY,ExtData[0].Val1,1,34,Bite,3113,2,8 -> OnPreviousComponentBuffTick,,,C:\Users\Admin\Downloads\myps\data\bin\abilityexport.bin,byte 187523
23,APPLY_ABILITY,ExtData[0].Val1,1,260,Scathe,3108,4,5 -> OnBuffEnded,,You are building a combo!,C:\Users\Admin\Downloads\myps\data\strings\english\abilitydesc.txt,line 261
23,APPLY_ABILITY,ExtData[0].Val1,1,264,Cunning Rumination ,1914,1,1 -> OnApply,,,C:\Users\Admin\Downloads\myps\data\bin\abilityexport.bin,byte 224135
23,APPLY_ABILITY,ExtData[0].Val1,1,264,Cunning Rumination ,1915,2,1 -> OnApply,,,C:\Users\Admin\Downloads\myps\data\bin\abilityexport.bin,byte 224135
23,APPLY_ABILITY,ExtData[0].Val1,1,266,Quell Suffering,1916,1,1 -> OnApply,,,C:\Users\Admin\Downloads\myps\data\bin\abilityexport.bin,byte 224523
23,APPLY_ABILITY,ExtData[0].Val4,8,3,Bounce,329,2,3 -> OnPreviousComponentApplied,Damage,"You cause your Battle Squig to bounce, dealing {COM_0_VAL0_DAMAGE} and knocking your target down for {COM_1_DURA_SECONDS}.",C:\Users\Admin\Downloads\myps\data\strings\english\abilitydesc.txt,line 4
23,APPLY_ABILITY,ExtData[0].Val4,8,5,KABOOM!,142,2,3 -> OnPreviousComponentApplied,Damage,"Your Battle Squig explodes, causing you to be launched upward out of your Squiggy armor. All enemies within {COM_1_RADI_FEET} take {COM_3_VAL0_DAMAGE} and are knocked back.",C:\Users\Admin\Downloads\myps\data\strings\english\abilitydesc.txt,line 6
23,APPLY_ABILITY,ExtData[0].Val4,8,6,;/end,329,1,3 -> OnPreviousComponentApplied,Damage,"Your Squig bounces on it's target dealing {COM_2_VAL0_DAMAGE}, and knocking them down for {COM_0_DURA_SECONDS}.",C:\Users\Admin\Downloads\myps\data\strings\english\abilitydesc.txt,line 7
23,APPLY_ABILITY,ExtData[0].Val4,8,9,Poisoned Spine,1699,1,3 -> OnPreviousComponentApplied,Damage,"Your Squig gores its target, dealing {COM_0_VAL0_DAMAGE} and an additional {ABIL_3881_COM_0_VAL0_TOD_DAMAGE} over {ABIL_3881_COM_0_DURA_SECONDS}.",C:\Users\Admin\Downloads\myps\data\strings\english\abilitydesc.txt,line 10
23,APPLY_ABILITY,ExtData[0].Val4,8,10,Gore,142,2,3 -> OnPreviousComponentApplied,Damage,"Your Squig slams it's head in to it's target, dealing {COM_0_VAL0_DAMAGE} and knocking them back.",C:\Users\Admin\Downloads\myps\data\strings\english\abilitydesc.txt,line 11
23,APPLY_ABILITY,ExtData[0].Val4,8,31,Detonation,3447,1,3 -> OnPreviousComponentApplied,,,C:\Users\Admin\Downloads\myps\data\bin\abilityexport.bin,byte 186941
23,APPLY_ABILITY,ExtData[0].Val4,9,5,KABOOM!,343,6,3 -> OnPreviousComponentApplied,Damage,"Your Battle Squig explodes, causing you to be launched upward out of your Squiggy armor. All enemies within {COM_1_RADI_FEET} take {COM_3_VAL0_DAMAGE} and are knocked back.",C:\Users\Admin\Downloads\myps\data\strings\english\abilitydesc.txt,line 6
23,APPLY_ABILITY,ExtData[0].Val4,9,608,Pulverizing Strike,343,3,3 -> OnPreviousComponentApplied,,"Both you and your target are held tightly in place for {COM_1_DURA_SECONDS}, and neither one of you can move.<BR>This effect can not be dispelled or broken.",C:\Users\Admin\Downloads\myps\data\strings\english\abilitydesc.txt,line 609
23,APPLY_ABILITY,ExtData[0].Val4,9,648,Hastened Punishment,343,3,3 -> OnPreviousComponentApplied,Damage,A mid-range attack that deals {COM_0_VAL0_DAMAGE} and knocks targeted player away. Monsters will be knocked down.,C:\Users\Admin\Downloads\myps\data\strings\english\abilitydesc.txt,line 649
23,APPLY_ABILITY,ExtData[0].Val4,9,670,Grievous Harm,343,3,3 -> OnPreviousComponentApplied,Damage,A focused blast that deals {COM_0_VAL0_DAMAGE} and knocks the targeted player away. Monsters will be knocked down.,C:\Users\Admin\Downloads\myps\data\strings\english\abilitydesc.txt,line 671
23,APPLY_ABILITY,ExtData[0].Val4,9,672,Unleash the Winds,343,4,3 -> OnPreviousComponentApplied,Damage,"Deals {COM_0_VAL0_DAMAGE} to all enemies within {COM_0_RADI_FEET}, and knocks them away from you.",C:\Users\Admin\Downloads\myps\data\strings\english\abilitydesc.txt,line 673
23,APPLY_ABILITY,ExtData[0].Val4,9,1365,Ain't Done Yet!,343,4,3 -> OnPreviousComponentApplied,Damage,A dismissive strike that deals {COM_0_VAL0_DAMAGE} and knocks the enemy away.,C:\Users\Admin\Downloads\myps\data\strings\english\abilitydesc.txt,line 1366
12,CC,FlagsRaw,2175,3,Bounce,3310,1,3 -> OnPreviousComponentApplied,Damage,"You cause your Battle Squig to bounce, dealing {COM_0_VAL0_DAMAGE} and knocking your target down for {COM_1_DURA_SECONDS}.",C:\Users\Admin\Downloads\myps\data\strings\english\abilitydesc.txt,line 4
12,CC,FlagsRaw,2175,6,;/end,3446,0,1 -> OnApply,Damage,"Your Squig bounces on it's target dealing {COM_2_VAL0_DAMAGE}, and knocking them down for {COM_0_DURA_SECONDS}.",C:\Users\Admin\Downloads\myps\data\strings\english\abilitydesc.txt,line 7
12,CC,FlagsRaw,2175,19,Git Em!,1889,0,1 -> OnApply,,,C:\Users\Admin\Downloads\myps\data\bin\abilityexport.bin,byte 184675
12,CC,FlagsRaw,2175,144,Poisoned Spine,1348,0,1 -> OnApply,,You've been knocked down,C:\Users\Admin\Downloads\myps\data\strings\english\abilitydesc.txt,line 145
12,CC,FlagsRaw,2175,236,Divine Protection,3212,0,1 -> OnApply,,,C:\Users\Admin\Downloads\myps\data\bin\abilityexport.bin,byte 219607
12,CC,FlagsRaw,2175,237,Alter Fate,3212,0,1 -> OnApply,,,C:\Users\Admin\Downloads\myps\data\bin\abilityexport.bin,byte 219801
12,CC,FlagsRaw,2303,4340,Auto2,4371,1,1 -> OnApply,,,C:\Users\Admin\Downloads\myps\data\bin\abilityexport.bin,byte 1413488
12,CC,FlagsRaw,2303,4664,greenskin RDPS flourish2,4612,0,1 -> OnApply,,,C:\Users\Admin\Downloads\myps\data\bin\abilityexport.bin,byte 1449027
12,CC,FlagsRaw,2303,4665,greenskin RDPS flourish3,4612,0,1 -> OnApply,,,C:\Users\Admin\Downloads\myps\data\bin\abilityexport.bin,byte 1449254
12,CC,FlagsRaw,2303,4666,Dwarf Tank acknowledge,4612,0,1 -> OnApply,,,C:\Users\Admin\Downloads\myps\data\bin\abilityexport.bin,byte 1449481
12,CC,FlagsRaw,2303,4667,Dwarf Tank flourish1,4612,0,1 -> OnApply,,,C:\Users\Admin\Downloads\myps\data\bin\abilityexport.bin,byte 1449708
12,CC,FlagsRaw,2303,4668,Dwarf Tank flourish2,4612,0,1 -> OnApply,,,C:\Users\Admin\Downloads\myps\data\bin\abilityexport.bin,byte 1449935
12,CC,FlagsRaw,8,885,Quit Yer Squabblin',992,0,1 -> OnApply,Silence,"All enemies within 30 feet are silenced for 7 seconds, making them unable to use magic.",C:\Users\Admin\Downloads\myps\data\strings\english\abilitydesc.txt,line 886
12,CC,FlagsRaw,8,906,Fling Choppa,992,0,1 -> OnApply,Silence,"All enemies within 30 feet are silenced for 7 seconds, making them unable to use magic.",C:\Users\Admin\Downloads\myps\data\strings\english\abilitydesc.txt,line 907
12,CC,FlagsRaw,8,1607,Ruin And Destruction,3624,1,3 -> OnPreviousComponentApplied,"Silence, Damage",Silences and wounds target for {COM_0_VAL0_TOD_ELEMENTALDAMAGE} over {COM_0_DURA_SECONDS}.,C:\Users\Admin\Downloads\myps\data\strings\english\abilitydesc.txt,line 1608
12,CC,FlagsRaw,8,1683,Guilty Soul,1524,3,3 -> OnPreviousComponentApplied,"Silence, Damage",Deals {COM_1_VAL0_DAMAGE}. Silences target for {COM_3_DURA_SECONDS}.,C:\Users\Admin\Downloads\myps\data\strings\english\abilitydesc.txt,line 1684
12,CC,FlagsRaw,8,1722,Suppression,1556,1,3 -> OnPreviousComponentApplied,"Silence, Damage","All targets within {COM_0_RADI_FEET} of you take {COM_0_VAL0_DAMAGE} and are Silenced, unable to use Magic for {COM_1_DURA_SECONDS}.",C:\Users\Admin\Downloads\myps\data\strings\english\abilitydesc.txt,line 1723
12,CC,FlagsRaw,8,1839,Choking Arrer,1817,1,1 -> OnApply,"Silence, Damage","A Crippling shot that deals {COM_0_VAL0_DAMAGE} and silences your target for {COM_1_DURA_SECONDS}, making them unable to use magic.",C:\Users\Admin\Downloads\myps\data\strings\english\abilitydesc.txt,line 1840
12,CC,FlagsRaw,1,122,Claw Sweep,1194,0,1 -> OnApply,Root,AE Root,C:\Users\Admin\Downloads\myps\data\strings\english\abilitydesc.txt,line 123
12,CC,FlagsRaw,1,608,Pulverizing Strike,1023,1,3 -> OnPreviousComponentApplied,,"Both you and your target are held tightly in place for {COM_1_DURA_SECONDS}, and neither one of you can move.<BR>This effect can not be dispelled or broken.",C:\Users\Admin\Downloads\myps\data\strings\english\abilitydesc.txt,line 609
12,CC,FlagsRaw,1,608,Pulverizing Strike,1022,2,3 -> OnPreviousComponentApplied,,"Both you and your target are held tightly in place for {COM_1_DURA_SECONDS}, and neither one of you can move.<BR>This effect can not be dispelled or broken.",C:\Users\Admin\Downloads\myps\data\strings\english\abilitydesc.txt,line 609
12,CC,FlagsRaw,1,1370,Get Movin'!,545,0,1 -> OnApply,Root,"You shatter the ground for {COM_0_RADI_FEET} around you, rooting up to four enemies in place for {COM_0_DURA_SECONDS}. There is a 50% chance of the root breaking with every hit.",C:\Users\Admin\Downloads\myps\data\strings\english\abilitydesc.txt,line 1371
12,CC,FlagsRaw,1,1418,Juggernaut,1456,1,3 -> OnPreviousComponentApplied,"Root, Damage",Deals {COM_0_VAL0_DAMAGE} to your target and roots them in place for {COM_1_DURA_SECONDS}.,C:\Users\Admin\Downloads\myps\data\strings\english\abilitydesc.txt,line 1419
12,CC,FlagsRaw,1,1519,Last Rites,545,0,1 -> OnApply,Root,"You fling coils of barbed wire all around you, rooting all enemies within {COM_0_RADI_FEET} in place for {COM_0_DURA_SECONDS}. There is a 50% chance of the root breaking with every hit.",C:\Users\Admin\Downloads\myps\data\strings\english\abilitydesc.txt,line 1520
12,CC,FlagsRaw,255,4022,RvRD - Tom - Squawk,4008,0,1 -> OnApply,,,C:\Users\Admin\Downloads\myps\data\bin\abilityexport.bin,byte 1358966
12,CC,FlagsRaw,255,4073,RvRD - Audette - Barracks Counter Offensive,4054,1,3 -> OnPreviousComponentApplied,,,C:\Users\Admin\Downloads\myps\data\bin\abilityexport.bin,byte 1368860
12,CC,FlagsRaw,255,4091,RvRD - Audette - Asp Boss Hurl,4065,1,3 -> OnPreviousComponentApplied,,,C:\Users\Admin\Downloads\myps\data\bin\abilityexport.bin,byte 1372352
12,CC,FlagsRaw,255,4094,RvRD - Audette - Inspection Scattershot,4068,0,1 -> OnApply,,,C:\Users\Admin\Downloads\myps\data\bin\abilityexport.bin,byte 1372934
12,CC,FlagsRaw,255,4126,Auto 2 (yellow trail) - Fire Body Icon (Inc Dmg Debuff),4008,0,1 -> OnApply,,,C:\Users\Admin\Downloads\myps\data\bin\abilityexport.bin,byte 1379142
12,CC,FlagsRaw,255,4130,Spell_T (green proj) - Green Skull Icon (DoT),4096,0,1 -> OnApply,,,C:\Users\Admin\Downloads\myps\data\bin\abilityexport.bin,byte 1379918
23,APPLY_ABILITY,ExtData[1].Val3,4,183,Pierce,493,0,1 -> OnApply,,,C:\Users\Admin\Downloads\myps\data\bin\abilityexport.bin,byte 210357
23,APPLY_ABILITY,ExtData[1].Val3,4,264,Cunning Rumination ,1914,1,1 -> OnApply,,,C:\Users\Admin\Downloads\myps\data\bin\abilityexport.bin,byte 224135
23,APPLY_ABILITY,ExtData[1].Val3,4,266,Quell Suffering,1916,1,1 -> OnApply,,,C:\Users\Admin\Downloads\myps\data\bin\abilityexport.bin,byte 224523
23,APPLY_ABILITY,ExtData[1].Val3,4,311,Unwavering Faith,8849,1,7 -> OnPreviousComponentTick,,,C:\Users\Admin\Downloads\myps\data\bin\abilityexport.bin,byte 232671
23,APPLY_ABILITY,ExtData[1].Val3,4,320,Soul Reaping Passive Build,11758,1,7 -> OnPreviousComponentTick,,,C:\Users\Admin\Downloads\myps\data\bin\abilityexport.bin,byte 234417
23,APPLY_ABILITY,ExtData[1].Val3,4,334,Barrier Of Dementia,12084,1,1 -> OnApply,,,C:\Users\Admin\Downloads\myps\data\bin\abilityexport.bin,byte 237133
23,APPLY_ABILITY,ExtData[1].Val3,1,5,KABOOM!,142,2,3 -> OnPreviousComponentApplied,Damage,"Your Battle Squig explodes, causing you to be launched upward out of your Squiggy armor. All enemies within {COM_1_RADI_FEET} take {COM_3_VAL0_DAMAGE} and are knocked back.",C:\Users\Admin\Downloads\myps\data\strings\english\abilitydesc.txt,line 6
23,APPLY_ABILITY,ExtData[1].Val3,1,5,KABOOM!,343,6,3 -> OnPreviousComponentApplied,Damage,"Your Battle Squig explodes, causing you to be launched upward out of your Squiggy armor. All enemies within {COM_1_RADI_FEET} take {COM_3_VAL0_DAMAGE} and are knocked back.",C:\Users\Admin\Downloads\myps\data\strings\english\abilitydesc.txt,line 6
23,APPLY_ABILITY,ExtData[1].Val3,1,10,Gore,142,2,3 -> OnPreviousComponentApplied,Damage,"Your Squig slams it's head in to it's target, dealing {COM_0_VAL0_DAMAGE} and knocking them back.",C:\Users\Admin\Downloads\myps\data\strings\english\abilitydesc.txt,line 11
23,APPLY_ABILITY,ExtData[1].Val3,1,264,Cunning Rumination ,1915,2,1 -> OnApply,,,C:\Users\Admin\Downloads\myps\data\bin\abilityexport.bin,byte 224135
23,APPLY_ABILITY,ExtData[1].Val3,1,334,Barrier Of Dementia,12085,2,1 -> OnApply,,,C:\Users\Admin\Downloads\myps\data\bin\abilityexport.bin,byte 237133
23,APPLY_ABILITY,ExtData[1].Val3,1,608,Pulverizing Strike,343,3,3 -> OnPreviousComponentApplied,,"Both you and your target are held tightly in place for {COM_1_DURA_SECONDS}, and neither one of you can move.<BR>This effect can not be dispelled or broken.",C:\Users\Admin\Downloads\myps\data\strings\english\abilitydesc.txt,line 609
23,APPLY_ABILITY,ExtData[1].Val3,6,1602,Explosive Force,3074,2,3 -> OnPreviousComponentApplied,,"Your rune cleanses an ally, removing one Curse or Ailment.",C:\Users\Admin\Downloads\myps\data\strings\english\abilitydesc.txt,line 1603
23,APPLY_ABILITY,ExtData[1].Val3,6,1602,Explosive Force,3280,3,3 -> OnPreviousComponentApplied,,"Your rune cleanses an ally, removing one Curse or Ailment.",C:\Users\Admin\Downloads\myps\data\strings\english\abilitydesc.txt,line 1603
23,APPLY_ABILITY,ExtData[1].Val3,6,1906,Bomb Explode Monster Ability,3205,1,3 -> OnPreviousComponentApplied,Damage,"You cleanse an ally, removing one Curse or Ailment.  If an effect is removed, your ally will absorb up to {COM_4_VAL1_DAMAGE} over {COM_4_DURA_SECONDS}.",C:\Users\Admin\Downloads\myps\data\strings\english\abilitydesc.txt,line 1907
23,APPLY_ABILITY,ExtData[1].Val3,6,1906,Bomb Explode Monster Ability,3279,3,3 -> OnPreviousComponentApplied,Damage,"You cleanse an ally, removing one Curse or Ailment.  If an effect is removed, your ally will absorb up to {COM_4_VAL1_DAMAGE} over {COM_4_DURA_SECONDS}.",C:\Users\Admin\Downloads\myps\data\strings\english\abilitydesc.txt,line 1907
23,APPLY_ABILITY,ExtData[1].Val3,6,3007,Heartstopping Snort,9889,0,1 -> OnApply,,,C:\Users\Admin\Downloads\myps\data\bin\abilityexport.bin,byte 1172
23,APPLY_ABILITY,ExtData[1].Val3,6,5513,Fate's Whirlwind,5561,1,7 -> OnPreviousComponentTick,,,C:\Users\Admin\Downloads\myps\data\bin\abilityexport.bin,byte 1581181
23,APPLY_ABILITY,ExtData[1].Val3,7,1010,Arrow Attack - Strong,14217,0,1 -> OnApply,,Your pet doesn't have enough Morale,C:\Users\Admin\Downloads\myps\data\strings\english\abilityeffect.txt,line 1011
23,APPLY_ABILITY,ExtData[1].Val3,7,1011,Arrow Attack - Cone,14218,0,1 -> OnApply,,Your pet was Interrupted,C:\Users\Admin\Downloads\myps\data\strings\english\abilityeffect.txt,line 1012
23,APPLY_ABILITY,ExtData[1].Val3,7,8113,Exit Wound,9330,0,1 -> OnApply,Damage,"You fire a hollow point shell, dealing damage immediately and reducing the target's Toughness, Strength, and Weapon Skill for {ABIL_3983_COM_1_DURA_SECONDS}.<BR>   1 Accusation:  {ABIL_3983_COM_0_VAL0_DAMAGE}; stats reduced by {ABIL_3983_COM_1_VAL0}.<BR>    2 Accusations:  {ABIL_3984_COM_0_VAL0_DAMAGE}; stats reduced by {ABIL_3984_COM_1_VAL0}.<BR>    3 Accusations:  {ABIL_3985_COM_0_VAL0_DAMAGE}; stats reduced by {ABIL_3985_COM_1_VAL0}.<BR>    4 Accusations:  {ABIL_3986_COM_0_VAL0_DAMAGE}; stats reduced by {ABIL_3986_COM_1_VAL0}.<BR>    5 Accusations:  {ABIL_3987_COM_0_VAL0_DAMAGE}; stats reduced by {ABIL_3987_COM_1_VAL0}.",C:\Users\Admin\Downloads\myps\data\strings\english\abilitydesc.txt,line 8114
23,APPLY_ABILITY,ExtData[1].Val3,7,8116,Burn Away Lies,9188,0,1 -> OnApply,Damage,"A pistol shot that fires bullets filled with fire oil, first dealing damage over {ABIL_3921_COM_0_DURA_SECONDS} and then igniting into a raging inferno which deals additional damage.<BR>   1 Accusation:  {ABIL_3921_COM_0_VAL0_TOD_DAMAGE} over time; {ABIL_3921_COM_1_VAL0} ending damage.<BR>   2 Accusations:  {ABIL_3922_COM_0_VAL0_TOD_DAMAGE} over time; {ABIL_3922_COM_1_VAL0} ending damage.<BR>   3 Accusations:  {ABIL_3923_COM_0_VAL0_TOD_DAMAGE} over time; {ABIL_3923_COM_1_VAL0} ending damage.<BR>   4 Accusations:  {ABIL_3924_COM_0_VAL0_TOD_DAMAGE} over time; {ABIL_3924_COM_1_VAL0} ending damage.<BR>   5 Accusations:  {ABIL_3925_COM_0_VAL0_TOD_DAMAGE} over time; {ABIL_3925_COM_1_VAL0} ending damage.<BR>",C:\Users\Admin\Downloads\myps\data\strings\english\abilitydesc.txt,line 8117
23,APPLY_ABILITY,ExtData[1].Val3,7,9404,Heart Render Toxin,12039,0,1 -> OnApply,Damage,"You quickly strike your target two times, dealing damage and inflicting an Ailment on them for {ABIL_3931_COM_2_DURA_SECONDS} which reduces their Wounds.<BR>   1 Blood Lust:  {ABIL_3931_COM_0_VAL0_DAMAGE} per hit; Wounds reduced by {ABIL_3931_COM_2_VAL0}.<BR>   2 Blood Lust:  {ABIL_3932_COM_0_VAL0_DAMAGE} per hit; Wounds reduced by {ABIL_3932_COM_2_VAL0}.<BR>   3 Blood Lust:  {ABIL_3933_COM_0_VAL0_DAMAGE} per hit; Wounds reduced by {ABIL_3933_COM_2_VAL0}.<BR>   4 Blood Lust:  {ABIL_3934_COM_0_VAL0_DAMAGE} per hit; Wounds reduced by {ABIL_3934_COM_2_VAL0}.<BR>   5 Blood Lust:  {ABIL_3935_COM_0_VAL0_DAMAGE} per hit; Wounds reduced by {ABIL_3935_COM_2_VAL0}.",C:\Users\Admin\Downloads\myps\data\strings\english\abilitydesc.txt,line 9405
23,APPLY_ABILITY,ExtData[1].Val3,7,9410,Puncture,11895,5,1 -> OnApply,Damage,"You quickly stab your target twice, dealing damage based on your Blood Lust.<BR>   1 Blood Lust:  {COM_0_VAL0_DAMAGE} per hit<BR>   2 Blood Lust:  {COM_1_VAL0_DAMAGE} per hit<BR>   3 Blood Lust:  {COM_2_VAL0_DAMAGE} per hit<BR>   4 Blood Lust:  {COM_3_VAL0_DAMAGE} per hit<BR>   5 Blood Lust:  {COM_4_VAL0_DAMAGE} per hit",C:\Users\Admin\Downloads\myps\data\strings\english\abilitydesc.txt,line 9411
23,APPLY_ABILITY,ExtData[1].Val3,5,9328,Exile,12675,2,3 -> OnPreviousComponentApplied,"Knockback, Damage",An overwhelming blow that deals {COM_0_VAL0_DAMAGE} and will knockback your target based on your Hate.<BR> With 30 Hate: Medium Knockback. <BR> With 60 Hate: Long Knockback.<BR> With 90 Hate: Very Long Knockback.,C:\Users\Admin\Downloads\myps\data\strings\english\abilitydesc.txt,line 9329
23,APPLY_ABILITY,ExtData[1].Val3,5,9580,Sanguinary Extension,11717,1,3 -> OnPreviousComponentApplied,Damage,"A slice aimed at fresh wounds which deals {COM_0_VAL0_DAMAGE}.  If the enemy was Crippled, then they are further Crippled and take an additional {COM_1_VAL0_COM_0_VAL0_TOD_DAMAGE} over {COM_1_VAL0_COM_0_DURA_SECONDS}.",C:\Users\Admin\Downloads\myps\data\strings\english\abilitydesc.txt,line 9581
23,APPLY_ABILITY,ExtData[1].Val3,5,24660,"Against All Odds, Handler #2",16442,1,8 -> OnPreviousComponentBuffTick,,,C:\Users\Admin\Downloads\myps\data\bin\abilityexport.bin,byte 1960678
23,APPLY_ABILITY,ExtData[1].Val3,5,24795,"Against All Odds, Handler #2",26489,1,8 -> OnPreviousComponentBuffTick,,,C:\Users\Admin\Downloads\myps\data\bin\abilityexport.bin,byte 1989838
23,APPLY_ABILITY,ExtData[1].Val3,5,24798,"Diminishing Rations, Handler #2",26495,1,8 -> OnPreviousComponentBuffTick,,,C:\Users\Admin\Downloads\myps\data\bin\abilityexport.bin,byte 1990420
23,APPLY_ABILITY,ExtData[1].Val1,1,5,KABOOM!,142,2,3 -> OnPreviousComponentApplied,Damage,"Your Battle Squig explodes, causing you to be launched upward out of your Squiggy armor. All enemies within {COM_1_RADI_FEET} take {COM_3_VAL0_DAMAGE} and are knocked back.",C:\Users\Admin\Downloads\myps\data\strings\english\abilitydesc.txt,line 6
23,APPLY_ABILITY,ExtData[1].Val1,1,10,Gore,142,2,3 -> OnPreviousComponentApplied,Damage,"Your Squig slams it's head in to it's target, dealing {COM_0_VAL0_DAMAGE} and knocking them back.",C:\Users\Admin\Downloads\myps\data\strings\english\abilitydesc.txt,line 11
23,APPLY_ABILITY,ExtData[1].Val1,1,183,Pierce,493,0,1 -> OnApply,,,C:\Users\Admin\Downloads\myps\data\bin\abilityexport.bin,byte 210357
23,APPLY_ABILITY,ExtData[1].Val1,1,264,Cunning Rumination ,1914,1,1 -> OnApply,,,C:\Users\Admin\Downloads\myps\data\bin\abilityexport.bin,byte 224135
23,APPLY_ABILITY,ExtData[1].Val1,1,264,Cunning Rumination ,1915,2,1 -> OnApply,,,C:\Users\Admin\Downloads\myps\data\bin\abilityexport.bin,byte 224135
23,APPLY_ABILITY,ExtData[1].Val1,1,266,Quell Suffering,1916,1,1 -> OnApply,,,C:\Users\Admin\Downloads\myps\data\bin\abilityexport.bin,byte 224523
23,APPLY_ABILITY,ExtData[1].Val1,2,5,KABOOM!,343,6,3 -> OnPreviousComponentApplied,Damage,"Your Battle Squig explodes, causing you to be launched upward out of your Squiggy armor. All enemies within {COM_1_RADI_FEET} take {COM_3_VAL0_DAMAGE} and are knocked back.",C:\Users\Admin\Downloads\myps\data\strings\english\abilitydesc.txt,line 6
23,APPLY_ABILITY,ExtData[1].Val1,2,608,Pulverizing Strike,343,3,3 -> OnPreviousComponentApplied,,"Both you and your target are held tightly in place for {COM_1_DURA_SECONDS}, and neither one of you can move.<BR>This effect can not be dispelled or broken.",C:\Users\Admin\Downloads\myps\data\strings\english\abilitydesc.txt,line 609
23,APPLY_ABILITY,ExtData[1].Val1,2,648,Hastened Punishment,343,3,3 -> OnPreviousComponentApplied,Damage,A mid-range attack that deals {COM_0_VAL0_DAMAGE} and knocks targeted player away. Monsters will be knocked down.,C:\Users\Admin\Downloads\myps\data\strings\english\abilitydesc.txt,line 649
23,APPLY_ABILITY,ExtData[1].Val1,2,670,Grievous Harm,343,3,3 -> OnPreviousComponentApplied,Damage,A focused blast that deals {COM_0_VAL0_DAMAGE} and knocks the targeted player away. Monsters will be knocked down.,C:\Users\Admin\Downloads\myps\data\strings\english\abilitydesc.txt,line 671
23,APPLY_ABILITY,ExtData[1].Val1,2,672,Unleash the Winds,343,4,3 -> OnPreviousComponentApplied,Damage,"Deals {COM_0_VAL0_DAMAGE} to all enemies within {COM_0_RADI_FEET}, and knocks them away from you.",C:\Users\Admin\Downloads\myps\data\strings\english\abilitydesc.txt,line 673
23,APPLY_ABILITY,ExtData[1].Val1,2,779,;Rune Priest Spec Abilities,1192,1,6 -> OnEventTriggered,Damage,"Any time you are attacked, there is a 25% chance that you will become protected by a magical barrier for up to {COM_1_VAL0_COM_0_DURA_SECONDS}, which will absorb up to {COM_1_VAL0_COM_0_VAL1_DAMAGE}.<BR>This effect will not trigger more than once every 3 seconds.",C:\Users\Admin\Downloads\myps\data\strings\english\abilitydesc.txt,line 780
12,CC,ExtData[1].Val7,1,6,;/end,3446,0,1 -> OnApply,Damage,"Your Squig bounces on it's target dealing {COM_2_VAL0_DAMAGE}, and knocking them down for {COM_0_DURA_SECONDS}.",C:\Users\Admin\Downloads\myps\data\strings\english\abilitydesc.txt,line 7
12,CC,ExtData[1].Val7,1,122,Claw Sweep,1194,0,1 -> OnApply,Root,AE Root,C:\Users\Admin\Downloads\myps\data\strings\english\abilitydesc.txt,line 123
12,CC,ExtData[1].Val7,1,124,Lion's Roar,1196,0,1 -> OnApply,"Silence, Disarm",Silence and Disarm,C:\Users\Admin\Downloads\myps\data\strings\english\abilitydesc.txt,line 125
12,CC,ExtData[1].Val7,1,1443,Sun's Blessing,3715,1,3 -> OnPreviousComponentApplied,Damage,"You render an incapacitating blow to your target, dealing {COM_0_VAL0_DAMAGE} and knocking them down for {COM_1_DURA_SECONDS}. This attack is undefendable.",C:\Users\Admin\Downloads\myps\data\strings\english\abilitydesc.txt,line 1444
12,CC,ExtData[1].Val7,1,1755,Embrace The Winds,18273,1,3 -> OnPreviousComponentApplied,Damage,Deals {COM_0_VAL0_DAMAGE} and knocks down the target for {COM_1_DURA_SECONDS}. The attack is undefendable.,C:\Users\Admin\Downloads\myps\data\strings\english\abilitydesc.txt,line 1756
12,CC,ExtData[1].Val7,1,3218,Grave Dust,3202,0,1 -> OnApply,,,C:\Users\Admin\Downloads\myps\data\bin\abilityexport.bin,byte 30726
12,CC,ExtData[1].Val7,3,12007,Gasp of the Unliving,21008,2,3 -> OnPreviousComponentApplied,,,C:\Users\Admin\Downloads\myps\data\bin\abilityexport.bin,byte 2021835
12,CC,ExtData[1].Val7,3,12008,Tormenting Wail,21002,1,1 -> OnApply,,,C:\Users\Admin\Downloads\myps\data\bin\abilityexport.bin,byte 2022029
12,CC,ExtData[1].Val7,3,12017,Bat Screech,21008,4,3 -> OnPreviousComponentApplied,,,C:\Users\Admin\Downloads\myps\data\bin\abilityexport.bin,byte 2023585
12,CC,ExtData[1].Val7,3,12017,Bat Screech,21008,5,3 -> OnPreviousComponentApplied,,,C:\Users\Admin\Downloads\myps\data\bin\abilityexport.bin,byte 2023585
12,CC,ExtData[1].Val7,3,12024,Sever Limb,21010,1,1 -> OnApply,,,C:\Users\Admin\Downloads\myps\data\bin\abilityexport.bin,byte 2024460
12,CC,ExtData[1].Val7,3,12028,Brutal Stomp,21002,1,1 -> OnApply,,,C:\Users\Admin\Downloads\myps\data\bin\abilityexport.bin,byte 2025335
12,CC,ExtData[1].Val7,200,144,Poisoned Spine,1348,0,1 -> OnApply,,You've been knocked down,C:\Users\Admin\Downloads\myps\data\strings\english\abilitydesc.txt,line 145
12,CC,ExtData[1].Val7,200,13314,Curse of Verrimus,13340,1,1 -> OnApply,,,C:\Users\Admin\Downloads\myps\data\bin\abilityexport.bin,byte 1721810
12,CC,ExtData[1].Val7,200,24578,Divine Wrath,26335,0,1 -> OnApply,,,C:\Users\Admin\Downloads\myps\data\bin\abilityexport.bin,byte 1945026
12,CC,ExtData[1].Val7,50,5707,Raven's Wing,5901,2,3 -> OnPreviousComponentApplied,,,C:\Users\Admin\Downloads\myps\data\bin\abilityexport.bin,byte 1618495
23,APPLY_ABILITY,ExtData[1].Val4,8,5,KABOOM!,142,2,3 -> OnPreviousComponentApplied,Damage,"Your Battle Squig explodes, causing you to be launched upward out of your Squiggy armor. All enemies within {COM_1_RADI_FEET} take {COM_3_VAL0_DAMAGE} and are knocked back.",C:\Users\Admin\Downloads\myps\data\strings\english\abilitydesc.txt,line 6
23,APPLY_ABILITY,ExtData[1].Val4,8,5,KABOOM!,343,6,3 -> OnPreviousComponentApplied,Damage,"Your Battle Squig explodes, causing you to be launched upward out of your Squiggy armor. All enemies within {COM_1_RADI_FEET} take {COM_3_VAL0_DAMAGE} and are knocked back.",C:\Users\Admin\Downloads\myps\data\strings\english\abilitydesc.txt,line 6
23,APPLY_ABILITY,ExtData[1].Val4,8,10,Gore,142,2,3 -> OnPreviousComponentApplied,Damage,"Your Squig slams it's head in to it's target, dealing {COM_0_VAL0_DAMAGE} and knocking them back.",C:\Users\Admin\Downloads\myps\data\strings\english\abilitydesc.txt,line 11
23,APPLY_ABILITY,ExtData[1].Val4,8,183,Pierce,493,0,1 -> OnApply,,,C:\Users\Admin\Downloads\myps\data\bin\abilityexport.bin,byte 210357
23,APPLY_ABILITY,ExtData[1].Val4,8,264,Cunning Rumination ,1914,1,1 -> OnApply,,,C:\Users\Admin\Downloads\myps\data\bin\abilityexport.bin,byte 224135
23,APPLY_ABILITY,ExtData[1].Val4,8,264,Cunning Rumination ,1915,2,1 -> OnApply,,,C:\Users\Admin\Downloads\myps\data\bin\abilityexport.bin,byte 224135
23,APPLY_ABILITY,ExtData[1].Val4,9,8158,Ignite,8588,0,1 -> OnApply,Damage,"A Hex which causes your target to burst into flames, dealing {COM_2_VAL0_TOD_ELEMENTALDAMAGE} to them over {COM_2_DURA_SECONDS}.",C:\Users\Admin\Downloads\myps\data\strings\english\abilitydesc.txt,line 8159
23,APPLY_ABILITY,ExtData[1].Val4,9,8159,Fireball,8588,0,1 -> OnApply,Damage,"You conjure up a fiery missile which slams into your target, dealing {COM_2_VAL0_ELEMENTALDAMAGE}.",C:\Users\Admin\Downloads\myps\data\strings\english\abilitydesc.txt,line 8160
23,APPLY_ABILITY,ExtData[1].Val4,9,8160,Sear,8588,0,1 -> OnApply,Damage,"Causes a pillar of scalding gas to erupt from the ground, dealing {COM_2_VAL0_ELEMENTALDAMAGE} to your target.",C:\Users\Admin\Downloads\myps\data\strings\english\abilitydesc.txt,line 8161
23,APPLY_ABILITY,ExtData[1].Val4,9,8163,Scorched Earth,8588,0,1 -> OnApply,Damage,"You send a blast of heat into the ground around you, dealing {COM_2_VAL0_CORPOREALDAMAGE} to all enemies within {COM_2_RADI_FEET}.",C:\Users\Admin\Downloads\myps\data\strings\english\abilitydesc.txt,line 8164
23,APPLY_ABILITY,ExtData[1].Val4,9,8165,Boiling Blood,8588,0,1 -> OnApply,Damage,"Reduces your target's Willpower by {COM_2_VAL0} for {COM_2_DURA_SECONDS}.  When the effect ends, the victim will suffer {COM_3_VAL0_CORPOREALDAMAGE}.",C:\Users\Admin\Downloads\myps\data\strings\english\abilitydesc.txt,line 8166
23,APPLY_ABILITY,ExtData[1].Val4,9,8166,Fiery Blast,8588,0,1 -> OnApply,Damage,"You fling a massive ball of fire, dealing {COM_4_VAL0_ELEMENTALDAMAGE} to your target and all other enemies within {COM_4_RADI_FEET} of them.",C:\Users\Admin\Downloads\myps\data\strings\english\abilitydesc.txt,line 8167
23,APPLY_ABILITY,FlagsRaw,16,1020,Fire - Line Nuke,2130,1,3 -> OnPreviousComponentApplied,,Construct a temporary mailbox to allow you and your allies to send and pick up mail.,C:\Users\Admin\Downloads\myps\data\strings\english\abilitydesc.txt,line 1021
23,APPLY_ABILITY,FlagsRaw,16,5458,Infectious Poison,5472,1,5 -> OnBuffEnded,,,C:\Users\Admin\Downloads\myps\data\bin\abilityexport.bin,byte 1570313
23,APPLY_ABILITY,FlagsRaw,16,5459,Infectious Poison,5472,6,5 -> OnBuffEnded,,,C:\Users\Admin\Downloads\myps\data\bin\abilityexport.bin,byte 1570573
23,APPLY_ABILITY,FlagsRaw,16,5459,Infectious Poison,5472,7,5 -> OnBuffEnded,,,C:\Users\Admin\Downloads\myps\data\bin\abilityexport.bin,byte 1570573
23,APPLY_ABILITY,FlagsRaw,16,9268,Shield of Saphery,12857,2,3 -> OnPreviousComponentApplied,Damage,Surrounds an ally with a magical barrier for up to {ABIL_3919_COM_0_DURA_SECONDS} which will absorb up to {ABIL_3919_COM_0_VAL1_DAMAGE}.,C:\Users\Admin\Downloads\myps\data\strings\english\abilitydesc.txt,line 9269
23,APPLY_ABILITY,FlagsRaw,16,15146,Exalted Glory of War,18048,9,3 -> OnPreviousComponentApplied,,"For the next {COM_0_DURA_SECONDS}, everyone in the area will receive an extra {COM_3_VAL1}% bonus to experience, influence, and renown.",C:\Users\Admin\Downloads\myps\data\strings\english\abilitydesc.txt,line 15147
23,APPLY_ABILITY,FlagsRaw,4,1598,Burn Through,14750,4,3 -> OnPreviousComponentApplied,Heal,Resurrect target friendly dead player and restore 20% of their health.,C:\Users\Admin\Downloads\myps\data\strings\english\abilitydesc.txt,line 1599
23,APPLY_ABILITY,FlagsRaw,4,1608,Heart Of Fire,14750,7,3 -> OnPreviousComponentApplied,Heal,"Increases targeted group member's Toughness by {COM_5_VAL0} for 1 hour. The rune holder will then be able to resurrect themselves with 20% health if killed within the next 10 minutes. Doing so will remove the Oath Rune.<BR>You may only give a player one Oath Rune, but players may bear multiple Oath Runes of different types at the same time.",C:\Users\Admin\Downloads\myps\data\strings\english\abilitydesc.txt,line 1609
23,APPLY_ABILITY,FlagsRaw,4,1828,Crushing Blows,720,0,1 -> OnApply,Damage,"You cause your pet to explode, dealing {ABIL_15_COM_0_VAL0_DAMAGE} to enemies within {ABIL_15_COM_0_RADI_FEET}.  For the next {COM_2_DURA_SECONDS}, the next different squig other than the one that just exploded will be summoned instantly.",C:\Users\Admin\Downloads\myps\data\strings\english\abilitydesc.txt,line 1829
23,APPLY_ABILITY,FlagsRaw,4,1852,Run Away!,714,0,1 -> OnApply,,You command your Squig to Taunt all enemies within {ABIL_3571_COM_0_RADI_FEET} and increases your movement speed by {COM_1_VAL0} % for {COM_1_DURA_SECONDS}.,C:\Users\Admin\Downloads\myps\data\strings\english\abilitydesc.txt,line 1853
23,APPLY_ABILITY,FlagsRaw,4,1908,AE Knockdown - Explosion,14750,4,3 -> OnPreviousComponentApplied,Heal,Resurrects your target with 20% health.,C:\Users\Admin\Downloads\myps\data\strings\english\abilitydesc.txt,line 1909
23,APPLY_ABILITY,FlagsRaw,4,3188,Moraz Smash,14750,1,10 -> OnBuffEndedRemoved,,,C:\Users\Admin\Downloads\myps\data\bin\abilityexport.bin,byte 24840
23,APPLY_ABILITY,FlagsRaw,1,3404,Buff Font,9852,1,6 -> OnEventTriggered,,,C:\Users\Admin\Downloads\myps\data\bin\abilityexport.bin,byte 66422
23,APPLY_ABILITY,FlagsRaw,1,3405,Debuff Font,9434,1,6 -> OnEventTriggered,,,C:\Users\Admin\Downloads\myps\data\bin\abilityexport.bin,byte 66616
23,APPLY_ABILITY,FlagsRaw,1,3488,Centigor Frontal AOE,9851,1,6 -> OnEventTriggered,,,C:\Users\Admin\Downloads\myps\data\bin\abilityexport.bin,byte 82718
23,APPLY_ABILITY,FlagsRaw,1,3489,Fire Font,9806,1,6 -> OnEventTriggered,,,C:\Users\Admin\Downloads\myps\data\bin\abilityexport.bin,byte 82912
23,APPLY_ABILITY,FlagsRaw,1,3597,Hartsblood Draft,1026,0,1 -> OnApply,,,C:\Users\Admin\Downloads\myps\data\bin\abilityexport.bin,byte 103670
23,APPLY_ABILITY,FlagsRaw,1,3784,Blessed Bullets of Confession,9897,0,1 -> OnApply,,,C:\Users\Admin\Downloads\myps\data\bin\abilityexport.bin,byte 139981
23,APPLY_ABILITY,FlagsRaw,7,10846,Action Point Drain,10684,3,3 -> OnPreviousComponentApplied,Damage,"Each time you deal damage with an ability, you have a 5% chance to drain {COM_1_VAL0_ACTIONPOINTS} from your target.<BR> Effect can only trigger once every 5 seconds.",C:\Users\Admin\Downloads\myps\data\strings\english\abilitydesc.txt,line 10847
23,APPLY_ABILITY,FlagsRaw,7,10847,Action Point Drain,10684,3,3 -> OnPreviousComponentApplied,Damage,"Each time you deal damage with an ability, you have a 8% chance to drain {COM_1_VAL0_ACTIONPOINTS} from your target.<BR> Effect can only trigger once every 5 seconds.",C:\Users\Admin\Downloads\myps\data\strings\english\abilitydesc.txt,line 10848
23,APPLY_ABILITY,FlagsRaw,7,10848,Action Point Drain,10684,3,3 -> OnPreviousComponentApplied,Damage,"Each time you deal damage with an ability, you have a 7% chance to drain {COM_1_VAL0_ACTIONPOINTS} from your target.<BR> Effect can only trigger once every 5 seconds.",C:\Users\Admin\Downloads\myps\data\strings\english\abilitydesc.txt,line 10849
23,APPLY_ABILITY,FlagsRaw,7,10849,Action Point Drain,10684,3,3 -> OnPreviousComponentApplied,Damage,"Each time you deal damage with an ability, you have a 12% chance to drain {COM_1_VAL0_ACTIONPOINTS} from your target.<BR> Effect can only trigger once every 5 seconds.",C:\Users\Admin\Downloads\myps\data\strings\english\abilitydesc.txt,line 10850
23,APPLY_ABILITY,FlagsRaw,7,10850,Action Point Drain,10684,3,3 -> OnPreviousComponentApplied,Damage,"Each time you deal damage with an ability, you have a 5% chance to drain {COM_1_VAL0_ACTIONPOINTS} from your target.<BR> Effect can only trigger once every 5 seconds.",C:\Users\Admin\Downloads\myps\data\strings\english\abilitydesc.txt,line 10851
23,APPLY_ABILITY,FlagsRaw,7,10851,Action Point Drain,10684,3,3 -> OnPreviousComponentApplied,Damage,"Each time you deal damage with an ability, you have a 8% chance to drain {COM_1_VAL0_ACTIONPOINTS} from your target.<BR> Effect can only trigger once every 5 seconds.",C:\Users\Admin\Downloads\myps\data\strings\english\abilitydesc.txt,line 10852
23,APPLY_ABILITY,FlagsRaw,12,133,Infusion Of Power,15530,0,1 -> OnApply,,,C:\Users\Admin\Downloads\myps\data\bin\abilityexport.bin,byte 202015
23,APPLY_ABILITY,FlagsRaw,12,1368,Mork Is Watchin',444,8,3 -> OnPreviousComponentApplied,Damage,"You challenge all opponents in front of you, forcing monsters to attack you. While challenged, your opponents will deal only {COM_5_VAL0}% damage to everyone other than you. This effect will fade after {COM_5_DURA_SECONDS} or after your opponent has hit you 3 times.",C:\Users\Admin\Downloads\myps\data\strings\english\abilitydesc.txt,line 1369
23,APPLY_ABILITY,FlagsRaw,12,1679,Greave Of Sigmar,444,8,3 -> OnPreviousComponentApplied,Damage,"You challenge all opponents in front of you, forcing monsters to attack you. While challenged, your opponents will deal only {COM_5_VAL0}% damage to everyone other than you. This effect will fade after {COM_5_DURA_SECONDS} or after your opponent has hit you 3 times.",C:\Users\Admin\Downloads\myps\data\strings\english\abilitydesc.txt,line 1680
23,APPLY_ABILITY,FlagsRaw,12,1836,Lashing Power,3364,3,1 -> OnApply,Heal,"You eat your squig, gaining {COM_0_VAL0_HEALTH}. For the next {COM_2_DURA_SECONDS}, the next different squig other than the one that was just eaten will be summoned instantly.",C:\Users\Admin\Downloads\myps\data\strings\english\abilitydesc.txt,line 1837
23,APPLY_ABILITY,FlagsRaw,12,5091,Slaurith Target Me,5135,0,1 -> OnApply,,,C:\Users\Admin\Downloads\myps\data\bin\abilityexport.bin,byte 1501798
23,APPLY_ABILITY,FlagsRaw,12,5234,Reapa Rush,24632,3,1 -> OnApply,,,C:\Users\Admin\Downloads\myps\data\bin\abilityexport.bin,byte 1529152
12,CC,ExtData[0].Val7,1,3,Bounce,3310,1,3 -> OnPreviousComponentApplied,Damage,"You cause your Battle Squig to bounce, dealing {COM_0_VAL0_DAMAGE} and knocking your target down for {COM_1_DURA_SECONDS}.",C:\Users\Admin\Downloads\myps\data\strings\english\abilitydesc.txt,line 4
12,CC,ExtData[0].Val7,1,6,;/end,3446,0,1 -> OnApply,Damage,"Your Squig bounces on it's target dealing {COM_2_VAL0_DAMAGE}, and knocking them down for {COM_0_DURA_SECONDS}.",C:\Users\Admin\Downloads\myps\data\strings\english\abilitydesc.txt,line 7
12,CC,ExtData[0].Val7,1,122,Claw Sweep,1194,0,1 -> OnApply,Root,AE Root,C:\Users\Admin\Downloads\myps\data\strings\english\abilitydesc.txt,line 123
12,CC,ExtData[0].Val7,1,124,Lion's Roar,1196,0,1 -> OnApply,"Silence, Disarm",Silence and Disarm,C:\Users\Admin\Downloads\myps\data\strings\english\abilitydesc.txt,line 125
12,CC,ExtData[0].Val7,1,144,Poisoned Spine,1348,0,1 -> OnApply,,You've been knocked down,C:\Users\Admin\Downloads\myps\data\strings\english\abilitydesc.txt,line 145
12,CC,ExtData[0].Val7,1,379,Warding - Empire,1696,2,3 -> OnPreviousComponentApplied,,,C:\Users\Admin\Downloads\myps\data\bin\abilityexport.bin,byte 244117
12,CC,ExtData[0].Val7,2,12007,Gasp of the Unliving,21008,2,3 -> OnPreviousComponentApplied,,,C:\Users\Admin\Downloads\myps\data\bin\abilityexport.bin,byte 2021835
12,CC,ExtData[0].Val7,2,12008,Tormenting Wail,21002,1,1 -> OnApply,,,C:\Users\Admin\Downloads\myps\data\bin\abilityexport.bin,byte 2022029
12,CC,ExtData[0].Val7,2,12017,Bat Screech,21008,4,3 -> OnPreviousComponentApplied,,,C:\Users\Admin\Downloads\myps\data\bin\abilityexport.bin,byte 2023585
12,CC,ExtData[0].Val7,2,12017,Bat Screech,21008,5,3 -> OnPreviousComponentApplied,,,C:\Users\Admin\Downloads\myps\data\bin\abilityexport.bin,byte 2023585
12,CC,ExtData[0].Val7,2,12024,Sever Limb,21010,1,1 -> OnApply,,,C:\Users\Admin\Downloads\myps\data\bin\abilityexport.bin,byte 2024460
12,CC,ExtData[0].Val7,2,12028,Brutal Stomp,21002,1,1 -> OnApply,,,C:\Users\Admin\Downloads\myps\data\bin\abilityexport.bin,byte 2025335
12,CC,ExtData[0].Val7,20,14379,Organ Gun,14124,2,3 -> OnPreviousComponentApplied,,,C:\Users\Admin\Downloads\myps\data\bin\abilityexport.bin,byte 704556
12,CC,ExtData[0].Val7,20,14380,Catapult,14124,2,3 -> OnPreviousComponentApplied,,,C:\Users\Admin\Downloads\myps\data\bin\abilityexport.bin,byte 704750
12,CC,ExtData[0].Val7,20,14383,Cannon,14124,2,3 -> OnPreviousComponentApplied,,,C:\Users\Admin\Downloads\myps\data\bin\abilityexport.bin,byte 705171
12,CC,ExtData[0].Val7,20,14384,Rock Lobba,14124,2,3 -> OnPreviousComponentApplied,,,C:\Users\Admin\Downloads\myps\data\bin\abilityexport.bin,byte 705365
12,CC,ExtData[0].Val7,20,14387,Hellblaster,14124,2,3 -> OnPreviousComponentApplied,,,C:\Users\Admin\Downloads\myps\data\bin\abilityexport.bin,byte 705786
12,CC,ExtData[0].Val7,20,14388,Catapult,14124,2,3 -> OnPreviousComponentApplied,,,C:\Users\Admin\Downloads\myps\data\bin\abilityexport.bin,byte 705980
12,CC,ExtData[0].Val7,50,4091,RvRD - Audette - Asp Boss Hurl,4065,1,3 -> OnPreviousComponentApplied,,,C:\Users\Admin\Downloads\myps\data\bin\abilityexport.bin,byte 1372352
12,CC,ExtData[0].Val7,50,17004,Rock Lobba,17005,2,3 -> OnPreviousComponentApplied,,,C:\Users\Admin\Downloads\myps\data\bin\abilityexport.bin,byte 910459
12,CC,ExtData[0].Val7,50,17012,Organ Gun,17005,2,3 -> OnPreviousComponentApplied,,,C:\Users\Admin\Downloads\myps\data\bin\abilityexport.bin,byte 911817
12,CC,ExtData[0].Val7,50,17020,Hellblaster,17005,2,3 -> OnPreviousComponentApplied,,,C:\Users\Admin\Downloads\myps\data\bin\abilityexport.bin,byte 913175
12,CC,ExtData[0].Val7,50,17028,Tri-Barrel Hellcannon,17005,2,3 -> OnPreviousComponentApplied,,,C:\Users\Admin\Downloads\myps\data\bin\abilityexport.bin,byte 914533
12,CC,ExtData[0].Val7,50,17036,Repeater Bolt Thrower,17005,2,3 -> OnPreviousComponentApplied,,,C:\Users\Admin\Downloads\myps\data\bin\abilityexport.bin,byte 915891
12,CC,ExtData[0].Val7,14741,13641,Obsidian Orb,13637,0,1 -> OnApply,,,C:\Users\Admin\Downloads\myps\data\bin\abilityexport.bin,byte 1781921
